Encontrar Chessboard;Ajustar Esquinas;Calcular Matriz;Proyectar Puntos
0.003129720687866211;0.0015826225280761719;0.0005183219909667969;0.0011115074157714844
0.002301931381225586;0.0017399787902832031;0.0004067420959472656;0.00037670135498046875
0.0032088756561279297;0.002015352249145508;0.0008928775787353516;0.00074005126953125
0.00281524658203125;0.001312255859375;0.0004394054412841797;0.0005037784576416016
0.0028367042541503906;0.0010099411010742188;0.0002529621124267578;0.0003178119659423828
0.0028531551361083984;0.0009477138519287109;0.0003018379211425781;0.0003821849822998047
0.0022127628326416016;0.0008373260498046875;0.00026106834411621094;0.00032138824462890625
0.002026081085205078;0.0007755756378173828;0.0002434253692626953;0.0003285408020019531
0.0019578933715820312;0.0008113384246826172;0.0002722740173339844;0.0003879070281982422
0.002522706985473633;0.001117706298828125;0.0002551078796386719;0.00036907196044921875
0.0020287036895751953;0.0007948875427246094;0.00024700164794921875;0.0003554821014404297
0.0026373863220214844;0.0008039474487304688;0.0002377033233642578;0.000286102294921875
0.002783060073852539;0.0013570785522460938;0.00041961669921875;0.0005202293395996094
0.0028884410858154297;0.0009448528289794922;0.000263214111328125;0.0003180503845214844
0.0022325515747070312;0.0008525848388671875;0.0002970695495605469;0.0003380775451660156
0.002719879150390625;0.0008707046508789062;0.00024318695068359375;0.0002913475036621094
0.0021567344665527344;0.0008826255798339844;0.00028824806213378906;0.0003533363342285156
0.0022225379943847656;0.0012044906616210938;0.0003769397735595703;0.0003101825714111328
0.002398252487182617;0.0009543895721435547;0.0002918243408203125;0.0003497600555419922
0.002194643020629883;0.0008940696716308594;0.0002791881561279297;0.0003387928009033203
0.0021314620971679688;0.0008919239044189453;0.0003132820129394531;0.00047087669372558594
0.0022079944610595703;0.0007913112640380859;0.0002510547637939453;0.00033283233642578125
0.002240419387817383;0.0008099079132080078;0.00024890899658203125;0.0003285408020019531
0.002393007278442383;0.000789642333984375;0.0002486705780029297;0.00030112266540527344
0.0023136138916015625;0.0008373260498046875;0.00026345252990722656;0.00032401084899902344
0.0029387474060058594;0.0009429454803466797;0.0002963542938232422;0.000362396240234375
0.0026819705963134766;0.0011987686157226562;0.00034332275390625;0.0004658699035644531
0.0022814273834228516;0.0008237361907958984;0.00024127960205078125;0.00028514862060546875
0.002232074737548828;0.0007734298706054688;0.00023174285888671875;0.00031948089599609375
0.0028297901153564453;0.0008928775787353516;0.00030112266540527344;0.0003628730773925781
0.005938291549682617;0.0013992786407470703;0.00040721893310546875;0.0005238056182861328
0.003769397735595703;0.0008051395416259766;0.00025463104248046875;0.0003108978271484375
0.0037703514099121094;0.0008881092071533203;0.0002770423889160156;0.00047087669372558594
0.002960681915283203;0.0008070468902587891;0.0002982616424560547;0.0003044605255126953
0.002167224884033203;0.0009953975677490234;0.0002970695495605469;0.00032138824462890625
0.00899052619934082;0.0008089542388916016;0.00024437904357910156;0.00029349327087402344
0.004918813705444336;0.0011882781982421875;0.0004363059997558594;0.00036978721618652344
0.008188247680664062;0.0009348392486572266;0.0004715919494628906;0.0005257129669189453
0.0053577423095703125;0.0010976791381835938;0.00045013427734375;0.0005586147308349609
0.00908350944519043;0.0009393692016601562;0.00023794174194335938;0.00034427642822265625
0.007673978805541992;0.0009114742279052734;0.00023245811462402344;0.0003085136413574219
0.007405281066894531;0.000965118408203125;0.00024628639221191406;0.0003731250762939453
0.0069921016693115234;0.000904083251953125;0.0002334117889404297;0.0003063678741455078
0.07647156715393066;0.0008280277252197266;0.00023055076599121094;0.0002830028533935547
0.07295417785644531;0.0008382797241210938;0.000209808349609375;0.0002989768981933594
0.07646632194519043;0.0007727146148681641;0.00021767616271972656;0.0003018379211425781
0.08231806755065918;0.0007309913635253906;0.00023126602172851562;0.00030875205993652344
0.07588481903076172;0.000759124755859375;0.00023174285888671875;0.0003170967102050781
0.08333921432495117;0.0007104873657226562;0.0002193450927734375;0.00035071372985839844
0.07210612297058105;0.0007219314575195312;0.00022912025451660156;0.0003070831298828125
0.07897162437438965;0.0007781982421875;0.00022673606872558594;0.0003154277801513672
0.07867121696472168;0.0008363723754882812;0.0002295970916748047;0.00031828880310058594
0.0698709487915039;0.000804901123046875;0.00025653839111328125;0.0003294944763183594
0.06853723526000977;0.0007252693176269531;0.0002422332763671875;0.0003714561462402344
0.07105684280395508;0.00074005126953125;0.0002624988555908203;0.0003113746643066406
0.07216238975524902;0.0007488727569580078;0.00022864341735839844;0.0003151893615722656
0.0756082534790039;0.0007274150848388672;0.0002453327178955078;0.0003032684326171875
0.07352852821350098;0.0007276535034179688;0.00021886825561523438;0.00030422210693359375
0.07746028900146484;0.0007381439208984375;0.0002205371856689453;0.00030541419982910156
0.0712134838104248;0.0007576942443847656;0.0002346038818359375;0.0003161430358886719
0.015049457550048828;0.0008211135864257812;0.00027751922607421875;0.0003268718719482422
0.08318018913269043;0.0007123947143554688;0.00021266937255859375;0.0002899169921875
0.0744025707244873;0.0007317066192626953;0.0002219676971435547;0.0003077983856201172
0.07842183113098145;0.0007472038269042969;0.00022077560424804688;0.00030159950256347656
0.07519912719726562;0.0007371902465820312;0.00022149085998535156;0.0004138946533203125
0.07548904418945312;0.0007398128509521484;0.0002231597900390625;0.00030159950256347656
0.07987380027770996;0.0007436275482177734;0.0002837181091308594;0.00041961669921875
0.07643389701843262;0.0008001327514648438;0.00022530555725097656;0.0003218650817871094
0.07002758979797363;0.00075531005859375;0.00022459030151367188;0.00032210350036621094
0.06982684135437012;0.0007688999176025391;0.00022411346435546875;0.00030803680419921875
0.07138943672180176;0.0007550716400146484;0.00022459030151367188;0.00030541419982910156
0.07252383232116699;0.0007567405700683594;0.00022482872009277344;0.00034928321838378906
0.07885098457336426;0.0007402896881103516;0.00027370452880859375;0.0003082752227783203
0.0829625129699707;0.0008618831634521484;0.00024080276489257812;0.0003247261047363281
0.07593512535095215;0.0007548332214355469;0.0002980232238769531;0.00033926963806152344
0.07665729522705078;0.00081634521484375;0.00023484230041503906;0.00032067298889160156
0.07873225212097168;0.0008609294891357422;0.00023436546325683594;0.00033402442932128906
0.07320523262023926;0.0008268356323242188;0.00023651123046875;0.0003235340118408203
0.0735771656036377;0.0008111000061035156;0.00023484230041503906;0.0003230571746826172
0.07459878921508789;0.0007960796356201172;0.0002257823944091797;0.00030684471130371094
0.07257819175720215;0.0009119510650634766;0.00023555755615234375;0.00032591819763183594
0.07341837882995605;0.0008006095886230469;0.0002541542053222656;0.00033402442932128906
0.07294440269470215;0.0007643699645996094;0.00022077560424804688;0.0003521442413330078
0.07180070877075195;0.0007734298706054688;0.00022339820861816406;0.0003039836883544922
0.07320880889892578;0.000858306884765625;0.0002257823944091797;0.00030493736267089844
0.07373285293579102;0.0008199214935302734;0.0002429485321044922;0.0003173351287841797
0.08831596374511719;0.0008609294891357422;0.0002884864807128906;0.0005006790161132812
0.07889413833618164;0.0008516311645507812;0.00024008750915527344;0.0003371238708496094
0.07297444343566895;0.0007646083831787109;0.00022101402282714844;0.0003199577331542969
0.07186627388000488;0.0007684230804443359;0.00032067298889160156;0.0003261566162109375
0.08899521827697754;0.0008299350738525391;0.0002319812774658203;0.0003159046173095703
0.06969189643859863;0.0007207393646240234;0.00021576881408691406;0.0003001689910888672
0.06738162040710449;0.0008296966552734375;0.00021958351135253906;0.00029850006103515625
0.07264280319213867;0.0007753372192382812;0.0002372264862060547;0.0003161430358886719
0.0710451602935791;0.0007901191711425781;0.0002262592315673828;0.0003132820129394531
0.07316184043884277;0.0007779598236083984;0.00023174285888671875;0.0003147125244140625
0.08004426956176758;0.0007474422454833984;0.0002224445343017578;0.0003066062927246094
0.0804910659790039;0.0008790493011474609;0.00023031234741210938;0.0003142356872558594
0.08230781555175781;0.0008895397186279297;0.00027942657470703125;0.00032711029052734375
0.08368206024169922;0.0009462833404541016;0.0002567768096923828;0.0003466606140136719
0.0832662582397461;0.0009670257568359375;0.0002434253692626953;0.0003113746643066406
0.08176207542419434;0.0009007453918457031;0.00025463104248046875;0.0003275871276855469
0.07683610916137695;0.0008008480072021484;0.0002396106719970703;0.00030422210693359375
0.08344244956970215;0.0007936954498291016;0.0002503395080566406;0.00032138824462890625
0.07232403755187988;0.0008034706115722656;0.0002541542053222656;0.00032138824462890625
0.07555627822875977;0.0007925033569335938;0.00024771690368652344;0.000331878662109375
0.0743257999420166;0.0007538795471191406;0.00023889541625976562;0.00036525726318359375
0.0746610164642334;0.0007958412170410156;0.000247955322265625;0.0003292560577392578
0.07410192489624023;0.0007886886596679688;0.00023221969604492188;0.0003190040588378906
0.07317042350769043;0.0007617473602294922;0.00023508071899414062;0.0003020763397216797
0.08951401710510254;0.0012574195861816406;0.0002510547637939453;0.0003151893615722656
0.09959530830383301;0.0010292530059814453;0.00025081634521484375;0.0003204345703125
0.08309555053710938;0.0011742115020751953;0.00023674964904785156;0.00032711029052734375
0.07140016555786133;0.0007543563842773438;0.0002231597900390625;0.0003094673156738281
0.08013916015625;0.0008025169372558594;0.0002353191375732422;0.0003266334533691406
0.08367180824279785;0.0008552074432373047;0.00025725364685058594;0.00032782554626464844
0.07048797607421875;0.0007882118225097656;0.0002410411834716797;0.00030875205993652344
0.07024693489074707;0.0008115768432617188;0.00024819374084472656;0.0003159046173095703
0.07907319068908691;0.0008361339569091797;0.00025153160095214844;0.0003235340118408203
0.07347822189331055;0.0008335113525390625;0.0002288818359375;0.00033402442932128906
0.08024096488952637;0.0008003711700439453;0.00022339820861816406;0.0003058910369873047
0.07653117179870605;0.0007984638214111328;0.00022983551025390625;0.00031375885009765625
0.0790858268737793;0.0008175373077392578;0.00023412704467773438;0.0003147125244140625
0.08554768562316895;0.0008676052093505859;0.00022864341735839844;0.0003223419189453125
0.08766531944274902;0.000865936279296875;0.00024890899658203125;0.0003132820129394531
0.07824087142944336;0.0008001327514648438;0.00023603439331054688;0.00032711029052734375
0.0785059928894043;0.0007894039154052734;0.00023603439331054688;0.00032806396484375
0.00602269172668457;0.0008308887481689453;0.00022459030151367188;0.0003006458282470703
0.0798029899597168;0.0008301734924316406;0.00023746490478515625;0.00032830238342285156
0.08361172676086426;0.0008871555328369141;0.00023746490478515625;0.0003731250762939453
0.08530473709106445;0.0008413791656494141;0.00024247169494628906;0.0003235340118408203
0.07770609855651855;0.0008006095886230469;0.00021982192993164062;0.0003457069396972656
0.0037775039672851562;0.0009007453918457031;0.000263214111328125;0.0003540515899658203
0.0035696029663085938;0.0007050037384033203;0.00021791458129882812;0.0002894401550292969
0.002834796905517578;0.0008118152618408203;0.00023794174194335938;0.00029349327087402344
0.07866835594177246;0.0007996559143066406;0.0002219676971435547;0.0003085136413574219
0.003536701202392578;0.0008008480072021484;0.0002911090850830078;0.00033783912658691406
0.0021708011627197266;0.0007965564727783203;0.00024366378784179688;0.00030803680419921875
0.004500150680541992;0.0008575916290283203;0.0002484321594238281;0.00033354759216308594
0.08092164993286133;0.0008456707000732422;0.00023484230041503906;0.00032711029052734375
0.0953364372253418;0.0008060932159423828;0.00022029876708984375;0.00038051605224609375
0.0951845645904541;0.000827789306640625;0.00022840499877929688;0.000316619873046875
0.08602762222290039;0.0008320808410644531;0.00021576881408691406;0.0003170967102050781
0.07953929901123047;0.0007643699645996094;0.0002200603485107422;0.0003046989440917969
0.08170533180236816;0.0007810592651367188;0.00022172927856445312;0.0003235340118408203
0.0786287784576416;0.0008165836334228516;0.0002257823944091797;0.0003097057342529297
0.07625699043273926;0.0008137226104736328;0.00022912025451660156;0.00031447410583496094
0.07166385650634766;0.0008378028869628906;0.000225067138671875;0.00031375885009765625
0.07184481620788574;0.0008127689361572266;0.00022220611572265625;0.0003108978271484375
0.004336118698120117;0.0009005069732666016;0.00025916099548339844;0.0004889965057373047
0.07038092613220215;0.0008878707885742188;0.0002522468566894531;0.00035071372985839844
0.07968807220458984;0.0008585453033447266;0.00029540061950683594;0.00032520294189453125
0.09261322021484375;0.0008976459503173828;0.00028061866760253906;0.0003478527069091797
0.0743415355682373;0.0008451938629150391;0.00023865699768066406;0.0003292560577392578
0.08279871940612793;0.0008015632629394531;0.0002570152282714844;0.0003306865692138672
0.08582544326782227;0.000885009765625;0.0002636909484863281;0.00034117698669433594
0.08347463607788086;0.0008566379547119141;0.00022721290588378906;0.00031876564025878906
0.0852651596069336;0.0008902549743652344;0.0002548694610595703;0.0003261566162109375
0.07975292205810547;0.0008320808410644531;0.0002276897430419922;0.00032782554626464844
0.08420920372009277;0.0008573532104492188;0.00022840499877929688;0.00031948089599609375
0.08218145370483398;0.0007786750793457031;0.0002257823944091797;0.0003139972686767578
0.08620142936706543;0.0009369850158691406;0.000255584716796875;0.0003249645233154297
0.08927702903747559;0.0011088848114013672;0.000255584716796875;0.0003292560577392578
0.07907962799072266;0.0008208751678466797;0.00022125244140625;0.0003058910369873047
0.08841538429260254;0.0007886886596679688;0.0002522468566894531;0.0003199577331542969
0.09444856643676758;0.00080108642578125;0.0002186298370361328;0.0003020763397216797
0.07338643074035645;0.0008459091186523438;0.0002346038818359375;0.00032138824462890625
0.07511687278747559;0.0008342266082763672;0.00025534629821777344;0.0003237724304199219
0.07391715049743652;0.0008068084716796875;0.0002377033233642578;0.0003082752227783203
0.07773232460021973;0.0008523464202880859;0.0002765655517578125;0.0003256797790527344
0.0754401683807373;0.0008130073547363281;0.0002453327178955078;0.0003018379211425781
0.07237052917480469;0.0007607936859130859;0.00022149085998535156;0.00030732154846191406
0.08482718467712402;0.0008726119995117188;0.00023293495178222656;0.00030732154846191406
0.0843198299407959;0.0007874965667724609;0.00021982192993164062;0.0003063678741455078
0.08146214485168457;0.0008149147033691406;0.00023627281188964844;0.00032639503479003906
0.08154416084289551;0.0007677078247070312;0.00022459030151367188;0.00031113624572753906
0.08887839317321777;0.0008368492126464844;0.00024700164794921875;0.0003170967102050781
0.0034711360931396484;0.0008349418640136719;0.0003228187561035156;0.000392913818359375
0.08415055274963379;0.00084686279296875;0.00024819374084472656;0.00036215782165527344
0.07681417465209961;0.0008151531219482422;0.0002434253692626953;0.00032639503479003906
0.004922389984130859;0.0009016990661621094;0.000301361083984375;0.0003235340118408203
0.08379268646240234;0.0008754730224609375;0.00023603439331054688;0.0003235340118408203
0.08256816864013672;0.0008533000946044922;0.00023484230041503906;0.00032401084899902344
0.07625102996826172;0.0008215904235839844;0.00023698806762695312;0.0003235340118408203
0.08725976943969727;0.0008778572082519531;0.0002677440643310547;0.00033855438232421875
0.09168148040771484;0.000904083251953125;0.00026726722717285156;0.00033664703369140625
0.08014273643493652;0.0008482933044433594;0.00026869773864746094;0.00033855438232421875
0.0852346420288086;0.0008864402770996094;0.000263214111328125;0.00033974647521972656
0.08583641052246094;0.0009555816650390625;0.0002760887145996094;0.0003516674041748047
0.09589767456054688;0.0012021064758300781;0.00025534629821777344;0.00034356117248535156
0.10643863677978516;0.0016891956329345703;0.00026106834411621094;0.0003638267517089844
0.0860602855682373;0.0011582374572753906;0.00028514862060546875;0.00035262107849121094
0.07611799240112305;0.0009491443634033203;0.00026416778564453125;0.00035762786865234375
0.0033118724822998047;0.0008833408355712891;0.000274658203125;0.0003685951232910156
0.07324361801147461;0.0008656978607177734;0.0002734661102294922;0.00034236907958984375
0.07370901107788086;0.0009253025054931641;0.0002567768096923828;0.00036978721618652344
0.06693863868713379;0.0009357929229736328;0.00028061866760253906;0.00034499168395996094
0.005464315414428711;0.001043558120727539;0.0002758502960205078;0.0003459453582763672
0.08357858657836914;0.0009586811065673828;0.0002582073211669922;0.00046896934509277344
0.07237935066223145;0.0009095668792724609;0.0002562999725341797;0.0003504753112792969
0.0750589370727539;0.0008776187896728516;0.0002803802490234375;0.0003495216369628906
0.002438783645629883;0.0008563995361328125;0.0002732276916503906;0.00035572052001953125
0.0024797916412353516;0.0008172988891601562;0.00025153160095214844;0.0003314018249511719
0.0076067447662353516;0.0008678436279296875;0.0002579689025878906;0.0003502368927001953
0.00765228271484375;0.0009009838104248047;0.0002944469451904297;0.00034499168395996094
0.004947185516357422;0.0008552074432373047;0.00025391578674316406;0.0003452301025390625
0.007818222045898438;0.0009112358093261719;0.0002875328063964844;0.00035643577575683594
0.08250737190246582;0.0009508132934570312;0.00029158592224121094;0.00040411949157714844
0.09942770004272461;0.001056671142578125;0.00027632713317871094;0.0003910064697265625
0.09627127647399902;0.0009548664093017578;0.0002791881561279297;0.0003783702850341797
0.006577491760253906;0.0010726451873779297;0.0003871917724609375;0.0003821849822998047
0.011451244354248047;0.0011136531829833984;0.00031256675720214844;0.0003750324249267578
0.009814023971557617;0.0017020702362060547;0.00044155120849609375;0.0006897449493408203
0.007491350173950195;0.0017359256744384766;0.00043892860412597656;0.0006034374237060547
0.0043332576751708984;0.0015075206756591797;0.0003352165222167969;0.00043702125549316406
0.09582400321960449;0.0010085105895996094;0.0002880096435546875;0.00039005279541015625
0.009215593338012695;0.0009412765502929688;0.0003292560577392578;0.0003726482391357422
0.09047484397888184;0.0009758472442626953;0.00028204917907714844;0.0003783702850341797
0.08900594711303711;0.0009362697601318359;0.00027370452880859375;0.0003662109375
0.08420681953430176;0.0009729862213134766;0.00027251243591308594;0.0003650188446044922
0.0847318172454834;0.0008864402770996094;0.0002624988555908203;0.0003554821014404297
0.0832223892211914;0.00087738037109375;0.0002949237823486328;0.0003619194030761719
0.0809793472290039;0.0008628368377685547;0.0002841949462890625;0.00034999847412109375
0.00613856315612793;0.0009584426879882812;0.0003180503845214844;0.00033783912658691406
0.09026074409484863;0.0011906623840332031;0.00030350685119628906;0.0003674030303955078
0.1009974479675293;0.0010962486267089844;0.0002760887145996094;0.0003757476806640625
0.08889484405517578;0.0010716915130615234;0.0002932548522949219;0.00036787986755371094
0.09064364433288574;0.001116037368774414;0.0003020763397216797;0.0003724098205566406
0.08951306343078613;0.0011758804321289062;0.00029730796813964844;0.0003566741943359375
0.08977127075195312;0.0012664794921875;0.0002894401550292969;0.0003497600555419922
0.08773159980773926;0.0013005733489990234;0.00025343894958496094;0.00034737586975097656
0.08914685249328613;0.0015599727630615234;0.000255584716796875;0.0003514289855957031
0.0894465446472168;0.0016045570373535156;0.0002818107604980469;0.0003478527069091797
0.08867168426513672;0.0018703937530517578;0.0002586841583251953;0.00034689903259277344
0.09252262115478516;0.0019881725311279297;0.0002627372741699219;0.0003535747528076172
0.1002507209777832;0.0028159618377685547;0.00027823448181152344;0.0003745555877685547
0.10436105728149414;0.003149271011352539;0.0002834796905517578;0.0003845691680908203
0.10783576965332031;0.0039005279541015625;0.000301361083984375;0.00041794776916503906
0.09677577018737793;0.003516674041748047;0.0002968311309814453;0.0003674030303955078
0.09811902046203613;0.0025987625122070312;0.00026488304138183594;0.00036072731018066406
0.0905618667602539;0.0022809505462646484;0.0002644062042236328;0.00035643577575683594
0.09592366218566895;0.0020236968994140625;0.0002651214599609375;0.0003559589385986328
0.0921323299407959;0.0016527175903320312;0.0002541542053222656;0.0003466606140136719
0.0909113883972168;0.0015070438385009766;0.00026106834411621094;0.0003523826599121094
0.09126996994018555;0.0014519691467285156;0.0002815723419189453;0.0003674030303955078
0.10361075401306152;0.0012733936309814453;0.0002872943878173828;0.0003573894500732422
0.09673357009887695;0.0012745857238769531;0.00026869773864746094;0.0003650188446044922
0.09073638916015625;0.0011456012725830078;0.0002796649932861328;0.00035858154296875
0.0022084712982177734;0.001068115234375;0.00025844573974609375;0.0003390312194824219
0.0912015438079834;0.0012009143829345703;0.0003170967102050781;0.00035953521728515625
0.08427119255065918;0.0011255741119384766;0.0002636909484863281;0.0003554821014404297
0.09202861785888672;0.0009872913360595703;0.0002846717834472656;0.00034928321838378906
0.09286999702453613;0.0012102127075195312;0.0002779960632324219;0.00035190582275390625
0.0977640151977539;0.0012078285217285156;0.00032329559326171875;0.0004711151123046875
0.09623527526855469;0.0011289119720458984;0.00032329559326171875;0.0003542900085449219
0.09521031379699707;0.0011539459228515625;0.00030040740966796875;0.00036072731018066406
0.11077523231506348;0.0020966529846191406;0.0004611015319824219;0.0005857944488525391
0.1023092269897461;0.0012717247009277344;0.0003285408020019531;0.00036716461181640625
0.10642671585083008;0.0011930465698242188;0.0003077983856201172;0.0003917217254638672
0.09575009346008301;0.001125335693359375;0.0002982616424560547;0.0004062652587890625
0.08764100074768066;0.0009946823120117188;0.00029158592224121094;0.0003554821014404297
0.08090996742248535;0.0009737014770507812;0.0002930164337158203;0.000354766845703125
0.0870981216430664;0.0009489059448242188;0.00029349327087402344;0.0003726482391357422
0.08222436904907227;0.0009145736694335938;0.0002853870391845703;0.0003485679626464844
0.08238935470581055;0.0009326934814453125;0.00028824806213378906;0.0003666877746582031
0.08672237396240234;0.0009686946868896484;0.0003027915954589844;0.00034928321838378906
0.09076452255249023;0.001001596450805664;0.0002932548522949219;0.000370025634765625
0.11150932312011719;0.0009968280792236328;0.00029277801513671875;0.0003466606140136719
0.09717726707458496;0.000978231430053711;0.0002918243408203125;0.0003914833068847656
0.09391331672668457;0.0009980201721191406;0.00029277801513671875;0.0003566741943359375
0.0858306884765625;0.0009768009185791016;0.0002911090850830078;0.00035834312438964844
0.09547877311706543;0.0009472370147705078;0.0002853870391845703;0.000347137451171875
0.08639121055603027;0.0009486675262451172;0.00028896331787109375;0.0003695487976074219
0.08934736251831055;0.0009353160858154297;0.00028443336486816406;0.00034880638122558594
0.09188556671142578;0.000911712646484375;0.0002875328063964844;0.0003516674041748047
0.09290814399719238;0.0009286403656005859;0.00028777122497558594;0.0003635883331298828
0.08896350860595703;0.0009455680847167969;0.0002892017364501953;0.0003476142883300781
0.0922861099243164;0.0009491443634033203;0.00029778480529785156;0.000354766845703125
0.1077272891998291;0.0009768009185791016;0.00030493736267089844;0.00036716461181640625
0.09973406791687012;0.001008749008178711;0.0003020763397216797;0.0003654956817626953
0.09965896606445312;0.0010104179382324219;0.000308990478515625;0.00036263465881347656
0.09917974472045898;0.0009369850158691406;0.0002856254577636719;0.0003478527069091797
0.09582662582397461;0.0009946823120117188;0.0002930164337158203;0.0003528594970703125
0.09554195404052734;0.0008866786956787109;0.0002770423889160156;0.0003402233123779297
0.002267599105834961;0.000888824462890625;0.00027489662170410156;0.00032448768615722656
0.0021293163299560547;0.0009512901306152344;0.00027251243591308594;0.0003535747528076172
0.002294778823852539;0.0010883808135986328;0.0003066062927246094;0.0003368854522705078
0.002332925796508789;0.0010986328125;0.0004191398620605469;0.0005712509155273438
0.0024068355560302734;0.0010979175567626953;0.0002837181091308594;0.00033473968505859375
0.002448558807373047;0.0010673999786376953;0.00028252601623535156;0.0003390312194824219
0.004233837127685547;0.0009915828704833984;0.0002925395965576172;0.0003840923309326172
0.10691642761230469;0.0010356903076171875;0.0003154277801513672;0.0003592967987060547
0.10400772094726562;0.0009624958038330078;0.0002880096435546875;0.0003483295440673828
0.0022869110107421875;0.0009942054748535156;0.0003066062927246094;0.0003459453582763672
0.11263704299926758;0.0009114742279052734;0.0003249645233154297;0.0003669261932373047
0.1093134880065918;0.00099945068359375;0.00032901763916015625;0.0003650188446044922
0.10486245155334473;0.0009584426879882812;0.0002923011779785156;0.0003514289855957031
0.10156059265136719;0.0009739398956298828;0.00028443336486816406;0.0003495216369628906
0.10357189178466797;0.0009417533874511719;0.0002982616424560547;0.0003504753112792969
0.003374338150024414;0.0012621879577636719;0.0005271434783935547;0.0005590915679931641
0.09369492530822754;0.0010058879852294922;0.00028777122497558594;0.0003466606140136719
0.08566594123840332;0.0009453296661376953;0.00028824806213378906;0.0004165172576904297
0.0861215591430664;0.0009243488311767578;0.00032973289489746094;0.0003426074981689453
0.08709192276000977;0.0009450912475585938;0.0002899169921875;0.000347137451171875
0.0941779613494873;0.0009360313415527344;0.000301361083984375;0.00036907196044921875
0.10599064826965332;0.0011005401611328125;0.00032973289489746094;0.00036835670471191406
0.09487628936767578;0.0009906291961669922;0.000308990478515625;0.00036907196044921875
0.0989527702331543;0.0009872913360595703;0.00030159950256347656;0.0003638267517089844
0.09357118606567383;0.0009496212005615234;0.0002989768981933594;0.00035381317138671875
0.09125518798828125;0.0009701251983642578;0.00029850006103515625;0.0003573894500732422
0.09457826614379883;0.0009772777557373047;0.00029087066650390625;0.0003514289855957031
0.08972597122192383;0.0009522438049316406;0.00030803680419921875;0.0003485679626464844
0.09124898910522461;0.0009312629699707031;0.0002923011779785156;0.00034737586975097656
0.09096884727478027;0.0009539127349853516;0.0002872943878173828;0.0003445148468017578
0.09152722358703613;0.0009200572967529297;0.0002815723419189453;0.0003402233123779297
0.10824728012084961;0.0010223388671875;0.0003898143768310547;0.0003535747528076172
0.10623788833618164;0.0009551048278808594;0.0002970695495605469;0.0003578662872314453
0.002151966094970703;0.0010080337524414062;0.00029397010803222656;0.0003685951232910156
0.002236604690551758;0.0008785724639892578;0.0002868175506591797;0.0003371238708496094
0.0025539398193359375;0.0010249614715576172;0.0002987384796142578;0.0003514289855957031
0.00395655632019043;0.0009984970092773438;0.0003063678741455078;0.00038623809814453125
0.0029692649841308594;0.0015163421630859375;0.0004782676696777344;0.0005686283111572266
0.0021860599517822266;0.0008654594421386719;0.00030040740966796875;0.0003502368927001953
0.0022859573364257812;0.0008394718170166016;0.00034999847412109375;0.000354766845703125
0.005595207214355469;0.0008518695831298828;0.00030517578125;0.00035452842712402344
0.003316164016723633;0.00148773193359375;0.0005156993865966797;0.0005829334259033203
0.006250143051147461;0.0010066032409667969;0.00039768218994140625;0.00035762786865234375
0.10448837280273438;0.0010075569152832031;0.00033926963806152344;0.00037407875061035156
0.09800481796264648;0.00091552734375;0.00030732154846191406;0.0004031658172607422
0.09648513793945312;0.0008628368377685547;0.0002951622009277344;0.0003523826599121094
0.0821833610534668;0.0008847713470458984;0.0002963542938232422;0.00036525726318359375
0.0926809310913086;0.0009398460388183594;0.0002949237823486328;0.0003540515899658203
0.08934259414672852;0.0008904933929443359;0.00029015541076660156;0.00034546852111816406
0.002229452133178711;0.0010313987731933594;0.0002887248992919922;0.0003466606140136719
0.21219539642333984;0.0011069774627685547;0.0002841949462890625;0.00039696693420410156
0.00238800048828125;0.0011067390441894531;0.00031948089599609375;0.00037670135498046875
0.10286521911621094;0.0010218620300292969;0.0003657341003417969;0.0003814697265625
0.009186744689941406;0.0009829998016357422;0.00031113624572753906;0.00035834312438964844
0.0024542808532714844;0.001074075698852539;0.00039839744567871094;0.00039124488830566406
0.0065517425537109375;0.001085519790649414;0.00047469139099121094;0.0005934238433837891
0.007180929183959961;0.0010585784912109375;0.0003185272216796875;0.0004544258117675781
0.0023593902587890625;0.0009500980377197266;0.000324249267578125;0.0003993511199951172
0.005234241485595703;0.0010178089141845703;0.00031757354736328125;0.0004038810729980469
0.004818439483642578;0.0008561611175537109;0.0003108978271484375;0.00036144256591796875
0.004672527313232422;0.0008826255798339844;0.000324249267578125;0.0003657341003417969
0.007016658782958984;0.0016319751739501953;0.0005514621734619141;0.0006568431854248047
0.004956483840942383;0.0008752346038818359;0.00031948089599609375;0.0003733634948730469
0.008437633514404297;0.0011501312255859375;0.00048422813415527344;0.0006041526794433594
0.09900569915771484;0.0010247230529785156;0.0003440380096435547;0.0003790855407714844
0.0056972503662109375;0.0015344619750976562;0.0005095005035400391;0.0006415843963623047
0.005268096923828125;0.0010259151458740234;0.0003299713134765625;0.0003952980041503906
0.008691072463989258;0.0012433528900146484;0.0003383159637451172;0.0003764629364013672
0.33822035789489746;0.0013380050659179688;0.0003483295440673828;0.0003540515899658203
0.21419167518615723;0.0013306140899658203;0.000278472900390625;0.0003609657287597656
0.09306478500366211;0.0009579658508300781;0.0003018379211425781;0.0003955364227294922
0.08446073532104492;0.0009751319885253906;0.0003020763397216797;0.0003783702850341797
0.009648323059082031;0.0010633468627929688;0.00043582916259765625;0.0003440380096435547
0.08621358871459961;0.0008878707885742188;0.00029659271240234375;0.00035119056701660156
0.004502534866333008;0.0008711814880371094;0.0003180503845214844;0.0004277229309082031
0.004686832427978516;0.0008413791656494141;0.00031185150146484375;0.00040984153747558594
0.004571437835693359;0.0008375644683837891;0.00031256675720214844;0.00034332275390625
0.004696369171142578;0.0009126663208007812;0.00029730796813964844;0.0003464221954345703
0.0048105716705322266;0.00098419189453125;0.00029778480529785156;0.00034356117248535156
0.0076906681060791016;0.0016579627990722656;0.0004687309265136719;0.000606536865234375
0.08860898017883301;0.0009806156158447266;0.0003044605255126953;0.0003616809844970703
0.005147218704223633;0.0011000633239746094;0.0003848075866699219;0.00036025047302246094
0.004664421081542969;0.0010340213775634766;0.0003132820129394531;0.0004138946533203125
0.09017467498779297;0.001047372817993164;0.0003058910369873047;0.00044155120849609375
0.08949470520019531;0.0009672641754150391;0.00034499168395996094;0.0003762245178222656
0.0071485042572021484;0.0013172626495361328;0.0003762245178222656;0.00038814544677734375
0.008325815200805664;0.0010266304016113281;0.00034737586975097656;0.0003504753112792969
0.006850481033325195;0.0010561943054199219;0.0003516674041748047;0.0005784034729003906
0.09562468528747559;0.0010046958923339844;0.0003132820129394531;0.0004646778106689453
0.008505582809448242;0.0010633468627929688;0.0002739429473876953;0.0003447532653808594
0.0072023868560791016;0.0009510517120361328;0.00030612945556640625;0.0003464221954345703
0.006089687347412109;0.0014576911926269531;0.00048279762268066406;0.0005702972412109375
0.007588624954223633;0.001007080078125;0.00033593177795410156;0.00037670135498046875
0.007639408111572266;0.0009639263153076172;0.0003135204315185547;0.00036263465881347656
0.008112192153930664;0.0010514259338378906;0.00032258033752441406;0.00037026405334472656
0.010642051696777344;0.0016925334930419922;0.0003509521484375;0.00036644935607910156
0.005328655242919922;0.0010402202606201172;0.0003218650817871094;0.00036644935607910156
0.010116815567016602;0.001672506332397461;0.00044918060302734375;0.000606536865234375
0.00803518295288086;0.0012176036834716797;0.00030541419982910156;0.00038695335388183594
0.005967617034912109;0.0010819435119628906;0.0003879070281982422;0.00039696693420410156
0.0069561004638671875;0.0011677742004394531;0.0004029273986816406;0.00038433074951171875
0.006479978561401367;0.0010917186737060547;0.0003399848937988281;0.00039005279541015625
0.0054473876953125;0.0010540485382080078;0.0003743171691894531;0.0004825592041015625
0.00566554069519043;0.0010995864868164062;0.0003478527069091797;0.00039505958557128906
0.005881071090698242;0.0012652873992919922;0.00038909912109375;0.00045228004455566406
0.005536317825317383;0.0012478828430175781;0.00032830238342285156;0.0004487037658691406
0.006151914596557617;0.0011522769927978516;0.000324249267578125;0.00042128562927246094
0.010549306869506836;0.001138448715209961;0.0003190040588378906;0.0003979206085205078
0.008565187454223633;0.0010998249053955078;0.0003116130828857422;0.00039887428283691406
0.006186723709106445;0.0011088848114013672;0.0003685951232910156;0.0004050731658935547
0.006032466888427734;0.0010919570922851562;0.00033855438232421875;0.0004029273986816406
0.0050618648529052734;0.0016934871673583984;0.0004928112030029297;0.0006630420684814453
0.006103038787841797;0.0017242431640625;0.0005192756652832031;0.0004096031188964844
0.006230831146240234;0.001188039779663086;0.00038242340087890625;0.00045108795166015625
0.006117582321166992;0.0011763572692871094;0.000339508056640625;0.00041961669921875
0.006182193756103516;0.0012614727020263672;0.0004086494445800781;0.00041747093200683594
0.005941152572631836;0.0011830329895019531;0.00037407875061035156;0.0004298686981201172
0.00854635238647461;0.0019154548645019531;0.0004963874816894531;0.0006971359252929688
0.006067991256713867;0.001337289810180664;0.00044798851013183594;0.0006151199340820312
0.10528707504272461;0.0011515617370605469;0.0003437995910644531;0.00039839744567871094
0.10859012603759766;0.0010962486267089844;0.00029158592224121094;0.000377655029296875
0.003156900405883789;0.0010263919830322266;0.0004260540008544922;0.0004372596740722656
0.003050565719604492;0.0009760856628417969;0.00031638145446777344;0.0003638267517089844
0.00497126579284668;0.0009348392486572266;0.0002810955047607422;0.0003609657287597656
0.00526118278503418;0.001024007797241211;0.0002906322479248047;0.0004286766052246094
0.007551670074462891;0.0016710758209228516;0.0005042552947998047;0.0007350444793701172
0.007855892181396484;0.0017535686492919922;0.0005340576171875;0.0006434917449951172
0.0050241947174072266;0.00104522705078125;0.0005276203155517578;0.0004050731658935547
0.005521297454833984;0.0010404586791992188;0.00031757354736328125;0.00042128562927246094
0.005262136459350586;0.0010268688201904297;0.0003123283386230469;0.0004551410675048828
0.0076923370361328125;0.001233816146850586;0.0002999305725097656;0.00037789344787597656
0.11201190948486328;0.0012640953063964844;0.0003476142883300781;0.0003864765167236328
0.00517725944519043;0.0011742115020751953;0.00030231475830078125;0.0004038810729980469
0.005076169967651367;0.0011529922485351562;0.0003910064697265625;0.00044083595275878906
0.004933834075927734;0.0011255741119384766;0.00031304359436035156;0.00039887428283691406
0.005419492721557617;0.0010771751403808594;0.0002970695495605469;0.0004076957702636719
0.006672859191894531;0.0011038780212402344;0.0003695487976074219;0.0004203319549560547
0.006865739822387695;0.0016036033630371094;0.0003662109375;0.00041103363037109375
0.0059926509857177734;0.0018486976623535156;0.0006535053253173828;0.0006847381591796875
0.0049266815185546875;0.0012354850769042969;0.0005056858062744141;0.0004544258117675781
0.10687494277954102;0.001176595687866211;0.0003387928009033203;0.00042510032653808594
0.09711313247680664;0.0011684894561767578;0.0003371238708496094;0.00043010711669921875
0.00397491455078125;0.0011150836944580078;0.00033783912658691406;0.0006284713745117188
0.004908323287963867;0.0011849403381347656;0.0003178119659423828;0.0004324913024902344
0.0037102699279785156;0.0011110305786132812;0.00028777122497558594;0.0003750324249267578
0.0036215782165527344;0.0011451244354248047;0.0002865791320800781;0.00037217140197753906
0.005077838897705078;0.0010600090026855469;0.00029087066650390625;0.0003790855407714844
0.004975318908691406;0.0011341571807861328;0.0002880096435546875;0.00037670135498046875
0.004047870635986328;0.001157522201538086;0.00029540061950683594;0.000377655029296875
0.005115032196044922;0.0011692047119140625;0.0002949237823486328;0.0003807544708251953
0.00523829460144043;0.0013175010681152344;0.0003829002380371094;0.0006134510040283203
0.10755681991577148;0.0012106895446777344;0.00028443336486816406;0.0003809928894042969
0.11384344100952148;0.0011756420135498047;0.00027942657470703125;0.00037026405334472656
0.0957794189453125;0.0010881423950195312;0.0002875328063964844;0.00036525726318359375
0.09360027313232422;0.0010306835174560547;0.0002722740173339844;0.00036406517028808594
0.003125429153442383;0.001043558120727539;0.0002765655517578125;0.00038552284240722656
0.0033469200134277344;0.0012111663818359375;0.0002665519714355469;0.00043201446533203125
0.003124713897705078;0.0008845329284667969;0.00026345252990722656;0.0003495216369628906
0.09255480766296387;0.0010247230529785156;0.0002770423889160156;0.0003662109375
0.0024547576904296875;0.0011172294616699219;0.00027108192443847656;0.00036907196044921875
0.0038878917694091797;0.0012426376342773438;0.00030303001403808594;0.00035309791564941406
0.004130363464355469;0.0010006427764892578;0.0002765655517578125;0.00035262107849121094
0.002291440963745117;0.0009698867797851562;0.00027561187744140625;0.0003829002380371094
0.0036308765411376953;0.0017547607421875;0.0005724430084228516;0.0006580352783203125
0.002544403076171875;0.0009739398956298828;0.0003426074981689453;0.00040793418884277344
0.0034894943237304688;0.0013227462768554688;0.00033736228942871094;0.00039958953857421875
0.003406047821044922;0.0010418891906738281;0.0003056526184082031;0.00047087669372558594
0.0031499862670898438;0.001634836196899414;0.0004456043243408203;0.0006227493286132812
0.003473997116088867;0.001041412353515625;0.0002853870391845703;0.0004105567932128906
0.004783153533935547;0.00182342529296875;0.0005230903625488281;0.0006742477416992188
0.003495454788208008;0.0012056827545166016;0.00029468536376953125;0.00037789344787597656
0.004982471466064453;0.0016825199127197266;0.0005066394805908203;0.000640869140625
0.002328634262084961;0.0011010169982910156;0.0003039836883544922;0.0003898143768310547
0.0032308101654052734;0.001708984375;0.00047588348388671875;0.0006666183471679688
0.002962350845336914;0.0010156631469726562;0.00031280517578125;0.00042438507080078125
0.002435922622680664;0.0011594295501708984;0.0003943443298339844;0.00042366981506347656
0.005445957183837891;0.002135038375854492;0.0005214214324951172;0.0007231235504150391
0.0025157928466796875;0.0016062259674072266;0.0005736351013183594;0.0005064010620117188
0.4388999938964844;0;0;0
0.37090134620666504;0;0;0
0.06596207618713379;0.0009756088256835938;0.0002722740173339844;0.0003654956817626953
0.0027189254760742188;0.0009951591491699219;0.0004184246063232422;0.0006155967712402344
0.002342700958251953;0.0010111331939697266;0.0002799034118652344;0.0003502368927001953
0.0026361942291259766;0.0008749961853027344;0.00029778480529785156;0.0003509521484375
0.005071878433227539;0.001514434814453125;0.0004928112030029297;0.00044989585876464844
0.002897500991821289;0.0009918212890625;0.0003609657287597656;0.0003731250762939453
0.002964019775390625;0.0011615753173828125;0.0003592967987060547;0.0004966259002685547
0.0026121139526367188;0.0014820098876953125;0.0004918575286865234;0.0006129741668701172
0.0036220550537109375;0.0009713172912597656;0.0004134178161621094;0.000408172607421875
0.003841876983642578;0.0013058185577392578;0.0002853870391845703;0.0003707408905029297
0.0894627571105957;0.0010044574737548828;0.0002868175506591797;0.0003788471221923828
0.0034148693084716797;0.001033782958984375;0.0002951622009277344;0.0005578994750976562
0.00334930419921875;0.0009741783142089844;0.000301361083984375;0.0003666877746582031
0.0023703575134277344;0.0009367465972900391;0.0002796649932861328;0.00036644935607910156
0.0030128955841064453;0.0009644031524658203;0.00028705596923828125;0.0003714561462402344
0.002912282943725586;0.0009765625;0.0003063678741455078;0.00038814544677734375
0.002231121063232422;0.0010313987731933594;0.000316619873046875;0.000415802001953125
0.0035767555236816406;0.001020193099975586;0.00028395652770996094;0.00045752525329589844
0.003484487533569336;0.0010609626770019531;0.0002853870391845703;0.00037932395935058594
0.003475189208984375;0.0010199546813964844;0.00028777122497558594;0.000457763671875
0.004066944122314453;0.0010433197021484375;0.0002944469451904297;0.0004150867462158203
0.002655506134033203;0.0011692047119140625;0.0003025531768798828;0.0004544258117675781
0.002630472183227539;0.0011839866638183594;0.0003509521484375;0.0004124641418457031
0.0023207664489746094;0.0010242462158203125;0.0002989768981933594;0.00039315223693847656
0.0023772716522216797;0.000986337661743164;0.00030303001403808594;0.00045490264892578125
0.002885580062866211;0.0010907649993896484;0.0003399848937988281;0.0004279613494873047
0.11434459686279297;0.0010595321655273438;0.00029397010803222656;0.00041103363037109375
0.11369442939758301;0.0011217594146728516;0.0002894401550292969;0.00038552284240722656
0.11604881286621094;0.0009958744049072266;0.00027179718017578125;0.0003666877746582031
0.0021429061889648438;0.0009198188781738281;0.000263214111328125;0.0003485679626464844
0.0023772716522216797;0.0009300708770751953;0.0002808570861816406;0.0003991127014160156
0.002166748046875;0.0009336471557617188;0.0003104209899902344;0.0004115104675292969
0.0023031234741210938;0.0009443759918212891;0.0002808570861816406;0.0003612041473388672
0.0021200180053710938;0.0009121894836425781;0.00027298927307128906;0.0003643035888671875
0.0026137828826904297;0.0009059906005859375;0.0002758502960205078;0.0004189014434814453
0.0029642581939697266;0.0010178089141845703;0.0004100799560546875;0.00039005279541015625
0.0025734901428222656;0.0012526512145996094;0.0002932548522949219;0.0003795623779296875
0.002157926559448242;0.0009393692016601562;0.0002961158752441406;0.0003669261932373047
0.002239704132080078;0.0009846687316894531;0.0002853870391845703;0.0003750324249267578
0.00266265869140625;0.0010561943054199219;0.0003063678741455078;0.0003790855407714844
0.0023412704467773438;0.0014033317565917969;0.00029468536376953125;0.00041937828063964844
0.002200603485107422;0.0009560585021972656;0.0002830028533935547;0.0003745555877685547
0.002432107925415039;0.0009615421295166016;0.0002846717834472656;0.00037980079650878906
0.0028090476989746094;0.0010323524475097656;0.0002956390380859375;0.0003814697265625
0.002882719039916992;0.0011398792266845703;0.00039887428283691406;0.0003986358642578125
0.0023491382598876953;0.001519918441772461;0.00035834312438964844;0.0003960132598876953
0.0033104419708251953;0.0016467571258544922;0.00048065185546875;0.0006737709045410156
0.002453327178955078;0.001020193099975586;0.00029468536376953125;0.0003960132598876953
0.002477407455444336;0.001299142837524414;0.00047469139099121094;0.0006549358367919922
0.003931999206542969;0.001726388931274414;0.0004813671112060547;0.0006463527679443359
0.003210306167602539;0.0010955333709716797;0.0003058910369873047;0.000396728515625
0.003143310546875;0.001096963882446289;0.0003237724304199219;0.0004305839538574219
0.002902507781982422;0.0011627674102783203;0.00032901763916015625;0.0004363059997558594
0.0024995803833007812;0.0010921955108642578;0.00032520294189453125;0.0004951953887939453
0.002492666244506836;0.0010592937469482422;0.0003020763397216797;0.0004181861877441406
0.002875089645385742;0.0012850761413574219;0.0003077983856201172;0.0004088878631591797
0.0035834312438964844;0.0018563270568847656;0.00047659873962402344;0.0007364749908447266
0.002880096435546875;0.0011203289031982422;0.0003285408020019531;0.0004241466522216797
0.003808736801147461;0.0018770694732666016;0.0005853176116943359;0.0007665157318115234
0.0026886463165283203;0.0017085075378417969;0.0005362033843994141;0.0007882118225097656
0.0036220550537109375;0.001596212387084961;0.0004949569702148438;0.0005712509155273438
0.004504680633544922;0.0015530586242675781;0.0005424022674560547;0.0006036758422851562
0.004111766815185547;0.0016756057739257812;0.0006260871887207031;0.0006165504455566406
0.6011619567871094;0;0;0
0.2849595546722412;0.001131296157836914;0.0003056526184082031;0.0003809928894042969
0.0023093223571777344;0.0009562969207763672;0.00028514862060546875;0.0004024505615234375
0.47202086448669434;0;0;0
0.40340137481689453;0;0;0
0.09268808364868164;0.0009052753448486328;0.0002541542053222656;0.0003600120544433594
0.002452373504638672;0.0008649826049804688;0.00025343894958496094;0.0003724098205566406
0.003296375274658203;0.0009152889251708984;0.000255584716796875;0.00036835670471191406
0.002811431884765625;0.0009059906005859375;0.0002720355987548828;0.0003390312194824219
0.0021321773529052734;0.0009143352508544922;0.0002727508544921875;0.00036978721618652344
0.0023005008697509766;0.001337289810180664;0.0004355907440185547;0.0005922317504882812
0.0020978450775146484;0.0009777545928955078;0.0002694129943847656;0.0003490447998046875
0.0020966529846191406;0.0009102821350097656;0.0002682209014892578;0.00034809112548828125
0.004438877105712891;0.0010192394256591797;0.0002639293670654297;0.00034880638122558594
0.004420042037963867;0.0009381771087646484;0.0002551078796386719;0.00032830238342285156
0.0026717185974121094;0.0008854866027832031;0.0002906322479248047;0.00035262107849121094
0.0031545162200927734;0.0009007453918457031;0.00027632713317871094;0.0004928112030029297
0.002385854721069336;0.0009531974792480469;0.0002627372741699219;0.00034356117248535156
0.0031740665435791016;0.0009276866912841797;0.00025582313537597656;0.0003421306610107422
0.0025548934936523438;0.0011506080627441406;0.00036525726318359375;0.0005502700805664062
0.003259420394897461;0.0009906291961669922;0.00028014183044433594;0.00039315223693847656
0.0021369457244873047;0.0009050369262695312;0.00026297569274902344;0.00034618377685546875
0.0032753944396972656;0.0009191036224365234;0.00025200843811035156;0.0003330707550048828
0.0029876232147216797;0.0015473365783691406;0.00039696693420410156;0.000537872314453125
0.07652950286865234;0.0010075569152832031;0.000274658203125;0.0003669261932373047
0.08060383796691895;0.0009870529174804688;0.0002541542053222656;0.00034046173095703125
0.07124900817871094;0.0008475780487060547;0.0002510547637939453;0.0003330707550048828
0.0029783248901367188;0.0009195804595947266;0.0002655982971191406;0.0003516674041748047
0.20285511016845703;0.0009646415710449219;0.00026607513427734375;0.0003285408020019531
0.3762664794921875;0;0;0
0.30652618408203125;0.0015118122100830078;0.00028133392333984375;0.0003523826599121094
0.4034757614135742;0;0;0
0.0019981861114501953;0.0008065700531005859;0.0002505779266357422;0.00036597251892089844
0.002049684524536133;0.0008311271667480469;0.00025081634521484375;0.00032711029052734375
0.002162456512451172;0.0009946823120117188;0.00028824806213378906;0.0003345012664794922
0.001928091049194336;0.0009212493896484375;0.00028395652770996094;0.0003757476806640625
0.0036580562591552734;0.0008904933929443359;0.00025773048400878906;0.000335693359375
0.09341001510620117;0.0009822845458984375;0.0002613067626953125;0.0003478527069091797
0.08063244819641113;0.0009553432464599609;0.00026917457580566406;0.0003540515899658203
0.10033798217773438;0.0010571479797363281;0.00030303001403808594;0.00041031837463378906
0.09163379669189453;0.0010216236114501953;0.00028204917907714844;0.0003714561462402344
0.002172708511352539;0.0009019374847412109;0.0002675056457519531;0.00035190582275390625
0.003265380859375;0.0009458065032958984;0.0003578662872314453;0.0003533363342285156
0.1669635772705078;0.0014190673828125;0.0003654956817626953;0.0004737377166748047
0.1293621063232422;0.0012035369873046875;0.0003581047058105469;0.000423431396484375
0.004082918167114258;0.0012865066528320312;0.0003407001495361328;0.0005168914794921875
0.0037848949432373047;0.0012624263763427734;0.00035572052001953125;0.00045490264892578125
0.0025260448455810547;0.001087188720703125;0.00031304359436035156;0.00040650367736816406
0.0023145675659179688;0.0010709762573242188;0.0003151893615722656;0.0004124641418457031
0.0025930404663085938;0.0011835098266601562;0.00032138824462890625;0.0004994869232177734
0.002699613571166992;0.001127481460571289;0.0003218650817871094;0.00041031837463378906
0.0028944015502929688;0.0010867118835449219;0.0004401206970214844;0.0006918907165527344
0.0025262832641601562;0.0014331340789794922;0.0005283355712890625;0.0004374980926513672
0.0038459300994873047;0.0011756420135498047;0.00032591819763183594;0.0004444122314453125
0.004039764404296875;0.0011932849884033203;0.00031185150146484375;0.0004248619079589844
0.0040950775146484375;0.0011143684387207031;0.00034165382385253906;0.0004119873046875
0.003939151763916016;0.001299142837524414;0.0003185272216796875;0.0004050731658935547
0.003975629806518555;0.001272439956665039;0.00032067298889160156;0.0004093647003173828
0.0040531158447265625;0.0012171268463134766;0.00031280517578125;0.00040984153747558594
0.007909774780273438;0.0013113021850585938;0.000331878662109375;0.0004143714904785156
0.10871696472167969;0.0013446807861328125;0.0003142356872558594;0.00040912628173828125
0.10841703414916992;0.0014717578887939453;0.0002989768981933594;0.0004837512969970703
0.0980522632598877;0.0014066696166992188;0.00029397010803222656;0.0003914833068847656
0.11788010597229004;0.0015385150909423828;0.0002956390380859375;0.0004100799560546875
0.1023709774017334;0.001153707504272461;0.0002884864807128906;0.00039887428283691406
0.0036156177520751953;0.0011630058288574219;0.0003509521484375;0.0004143714904785156
0.003403186798095703;0.001116037368774414;0.00037860870361328125;0.0004112720489501953
0.004170656204223633;0.0010275840759277344;0.00030994415283203125;0.0003802776336669922
0.003690004348754883;0.0010120868682861328;0.000308990478515625;0.00036144256591796875
0.003045320510864258;0.0009744167327880859;0.00036334991455078125;0.0004553794860839844
0.0024297237396240234;0.0009624958038330078;0.0003120899200439453;0.00040984153747558594
0.0024399757385253906;0.0012080669403076172;0.0005464553833007812;0.0005300045013427734
0.002312898635864258;0.0010552406311035156;0.0002911090850830078;0.00037384033203125
0.002579212188720703;0.0009682178497314453;0.00031876564025878906;0.00037097930908203125
0.0025146007537841797;0.0010716915130615234;0.0003352165222167969;0.0003733634948730469
0.0029566287994384766;0.0011548995971679688;0.00034165382385253906;0.0005252361297607422
0.003757476806640625;0.0010833740234375;0.0003364086151123047;0.0003993511199951172
0.0025916099548339844;0.0010704994201660156;0.0003437995910644531;0.00038623809814453125
0.0038177967071533203;0.001123189926147461;0.0003323554992675781;0.00038504600524902344
0.0038971900939941406;0.001188039779663086;0.00038313865661621094;0.0003879070281982422
0.004145622253417969;0.0012004375457763672;0.0003323554992675781;0.00038552284240722656
0.0055692195892333984;0.0012731552124023438;0.0003349781036376953;0.00038909912109375
0.004642963409423828;0.0012826919555664062;0.0003120899200439453;0.0003924369812011719
0.00631260871887207;0.001283884048461914;0.00033783912658691406;0.00038743019104003906
0.0043487548828125;0.0012416839599609375;0.00035381317138671875;0.00038695335388183594
0.004459381103515625;0.0011470317840576172;0.0004153251647949219;0.00039958953857421875
0.00406193733215332;0.0016956329345703125;0.000362396240234375;0.0004684925079345703
0.003499269485473633;0.000972747802734375;0.0003333091735839844;0.0003895759582519531
0.003768444061279297;0.001046895980834961;0.00034546852111816406;0.0003993511199951172
0.00620722770690918;0.0017118453979492188;0.0005576610565185547;0.0006597042083740234
0.00658726692199707;0.0012619495391845703;0.00042128562927246094;0.00041675567626953125
0.006730794906616211;0.0012738704681396484;0.00037980079650878906;0.0005629062652587891
0.005656719207763672;0.001283407211303711;0.00038433074951171875;0.0005130767822265625
0.005736589431762695;0.0012323856353759766;0.0003769397735595703;0.0005271434783935547
0.004006385803222656;0.0010960102081298828;0.0003845691680908203;0.0004227161407470703
0.003938198089599609;0.0009853839874267578;0.0003383159637451172;0.00039649009704589844
0.003725767135620117;0.0009989738464355469;0.0003402233123779297;0.00039267539978027344
0.004190683364868164;0.0010275840759277344;0.00033855438232421875;0.0004000663757324219
0.005754232406616211;0.0011401176452636719;0.0003666877746582031;0.0003998279571533203
0.004431724548339844;0.0010662078857421875;0.0003440380096435547;0.0004000663757324219
0.0063266754150390625;0.0017516613006591797;0.0005407333374023438;0.0006854534149169922
0.005639314651489258;0.0010917186737060547;0.000347137451171875;0.00040078163146972656
0.10686826705932617;0.0011260509490966797;0.0003528594970703125;0.0004115104675292969
0.10713434219360352;0.0011811256408691406;0.0003445148468017578;0.0004107952117919922
0.11705875396728516;0.0014221668243408203;0.00038552284240722656;0.00042176246643066406
0.10560202598571777;0.0011906623840332031;0.0003173351287841797;0.0003714561462402344
0.008108377456665039;0.0009763240814208984;0.00028252601623535156;0.0003581047058105469
0.004450798034667969;0.0010383129119873047;0.0003032684326171875;0.00034308433532714844
0.08158493041992188;0.0009090900421142578;0.0002930164337158203;0.0003783702850341797
0.07328414916992188;0.0009396076202392578;0.0003180503845214844;0.00035262107849121094
0.06892657279968262;0.0009577274322509766;0.00030922889709472656;0.0003612041473388672
0.006882190704345703;0.0015947818756103516;0.00044274330139160156;0.0005424022674560547
0.006509065628051758;0.0009150505065917969;0.0002865791320800781;0.0003352165222167969
0.005761146545410156;0.0009334087371826172;0.00028514862060546875;0.0003368854522705078
0.005064249038696289;0.0008988380432128906;0.00029397010803222656;0.0003426074981689453
0.005627870559692383;0.0009541511535644531;0.00030040740966796875;0.0003387928009033203
0.005995750427246094;0.0009539127349853516;0.00031113624572753906;0.0003924369812011719
0.012461662292480469;0.0014760494232177734;0.0004086494445800781;0.0005249977111816406
0.09243321418762207;0.0009989738464355469;0.0003135204315185547;0.0003535747528076172
0.007737874984741211;0.001222372055053711;0.0003705024719238281;0.00034332275390625
0.010373592376708984;0.0016584396362304688;0.00045680999755859375;0.0005600452423095703
0.008060455322265625;0.0010485649108886719;0.00029754638671875;0.00034928321838378906
0.006633758544921875;0.0009748935699462891;0.00029850006103515625;0.00041484832763671875
0.007615804672241211;0.0010311603546142578;0.0002970695495605469;0.0003459453582763672
0.009752750396728516;0.001253366470336914;0.0003147125244140625;0.00036835670471191406
0.011080741882324219;0.0014913082122802734;0.0003132820129394531;0.00039958953857421875
0.010283708572387695;0.0012691020965576172;0.0003070831298828125;0.00041294097900390625
0.009577751159667969;0.0014760494232177734;0.00033473968505859375;0.0004055500030517578
0.4445960521697998;0;0;0
0.41590261459350586;0;0;0
0.5476374626159668;0;0;0
0.015186548233032227;0.0020270347595214844;0.00038123130798339844;0.00047850608825683594
0.00960397720336914;0.0018954277038574219;0.00038552284240722656;0.0004513263702392578
0.010082006454467773;0.0012907981872558594;0.00037860870361328125;0.0004889965057373047
0.012746810913085938;0.0012524127960205078;0.00032973289489746094;0.0004715919494628906
0.006278514862060547;0.0014529228210449219;0.00038695335388183594;0.0006699562072753906
0.004513740539550781;0.0014832019805908203;0.0003628730773925781;0.00046253204345703125
0.008360624313354492;0.0021185874938964844;0.0005850791931152344;0.0007395744323730469
0.006957530975341797;0.00135040283203125;0.0003714561462402344;0.0005300045013427734
0.007236480712890625;0.0014986991882324219;0.0003426074981689453;0.0007462501525878906
0.007364749908447266;0.0014729499816894531;0.00038123130798339844;0.0005743503570556641
0.0074841976165771484;0.0024449825286865234;0.0005784034729003906;0.0007040500640869141
0.008060932159423828;0.0023179054260253906;0.0005586147308349609;0.0006892681121826172
0.0038802623748779297;0.0012121200561523438;0.000362396240234375;0.0004534721374511719
0.004012346267700195;0.001216888427734375;0.00032401084899902344;0.0004417896270751953
0.003980875015258789;0.0012614727020263672;0.0003693103790283203;0.0004253387451171875
0.004314422607421875;0.0012042522430419922;0.0003681182861328125;0.0004227161407470703
0.00413060188293457;0.0012145042419433594;0.0003266334533691406;0.0004215240478515625
0.004064321517944336;0.0013201236724853516;0.0003666877746582031;0.0004246234893798828
0.007753849029541016;0.002476930618286133;0.0009844303131103516;0.0007960796356201172
0.007521867752075195;0.0013949871063232422;0.0003345012664794922;0.00042819976806640625
0.004610776901245117;0.0014066696166992188;0.00035119056701660156;0.0004706382751464844
0.0027768611907958984;0.0012133121490478516;0.00045752525329589844;0.0005736351013183594
0.0028688907623291016;0.0011513233184814453;0.0003750324249267578;0.0004611015319824219
0.004735469818115234;0.0012247562408447266;0.0003483295440673828;0.0005640983581542969
0.004976511001586914;0.0014841556549072266;0.0006086826324462891;0.0004737377166748047
0.0058002471923828125;0.0012862682342529297;0.00035858154296875;0.000457763671875
0.005334138870239258;0.001317739486694336;0.0004038810729980469;0.0005030632019042969
0.00684046745300293;0.0014233589172363281;0.0003502368927001953;0.0004489421844482422
0.007400035858154297;0.0024900436401367188;0.000579833984375;0.0007998943328857422
0.004625558853149414;0.0014514923095703125;0.00038361549377441406;0.0005159378051757812
0.005136251449584961;0.0014119148254394531;0.00047898292541503906;0.0009081363677978516
0.007041454315185547;0.0014433860778808594;0.00035643577575683594;0.0004546642303466797
0.007557392120361328;0.001402139663696289;0.00035858154296875;0.0005090236663818359
0.008959531784057617;0.0013108253479003906;0.0003490447998046875;0.00044608116149902344
0.006328582763671875;0.0021212100982666016;0.0005421638488769531;0.0007843971252441406
0.0030517578125;0.0012102127075195312;0.00034356117248535156;0.0005047321319580078
0.004876375198364258;0.0011911392211914062;0.0003676414489746094;0.0004756450653076172
0.004739046096801758;0.001310586929321289;0.0003533363342285156;0.0004730224609375
0.005117654800415039;0.0014302730560302734;0.000457763671875;0.0007371902465820312
0.007040500640869141;0.0013113021850585938;0.0003509521484375;0.0004436969757080078
0.009814977645874023;0.001405477523803711;0.00038313865661621094;0.0004496574401855469
0.11353850364685059;0.0014667510986328125;0.0003399848937988281;0.00043654441833496094
0.13071751594543457;0.0015323162078857422;0.00036644935607910156;0.0005407333374023438
0.22401738166809082;0.0018582344055175781;0.00029587745666503906;0.0004265308380126953
0.4084641933441162;0;0;0
0.3664281368255615;0;0;0
0.3666238784790039;0;0;0
0.3327348232269287;0;0;0
0.17540264129638672;0.0011680126190185547;0.00030159950256347656;0.00032711029052734375
0.00785207748413086;0.001161336898803711;0.0002529621124267578;0.0003216266632080078
0.005763053894042969;0.0009412765502929688;0.00026416778564453125;0.0003261566162109375
0.07275509834289551;0.0009577274322509766;0.0002636909484863281;0.0003409385681152344
0.08266615867614746;0.0010876655578613281;0.0002770423889160156;0.0003628730773925781
0.008239507675170898;0.0015354156494140625;0.00032711029052734375;0.0003540515899658203
0.00779414176940918;0.001222372055053711;0.00027823448181152344;0.00035452842712402344
0.00652766227722168;0.001195669174194336;0.0003058910369873047;0.0003552436828613281
0.08380699157714844;0.0012369155883789062;0.0002830028533935547;0.0003693103790283203
0.006822109222412109;0.0014591217041015625;0.0003597736358642578;0.0003638267517089844
0.0051136016845703125;0.0013811588287353516;0.0004119873046875;0.0004017353057861328
0.003893613815307617;0.0011682510375976562;0.00029540061950683594;0.00039768218994140625
0.00508570671081543;0.0010819435119628906;0.00031375885009765625;0.00039839744567871094
0.005345344543457031;0.0010483264923095703;0.00030803680419921875;0.0003829002380371094
0.0048792362213134766;0.001055002212524414;0.0003142356872558594;0.0003924369812011719
0.0035791397094726562;0.0010228157043457031;0.0003027915954589844;0.00038433074951171875
0.0047304630279541016;0.0011038780212402344;0.00031566619873046875;0.0004818439483642578
0.004755258560180664;0.0012056827545166016;0.0003039836883544922;0.00037860870361328125
0.005768775939941406;0.001194000244140625;0.0002987384796142578;0.00041413307189941406
0.003854513168334961;0.0012216567993164062;0.000331878662109375;0.00044274330139160156
0.0058040618896484375;0.0012011528015136719;0.0003256797790527344;0.0004208087921142578
0.004724264144897461;0.0012934207916259766;0.0004546642303466797;0.00042557716369628906
0.00447845458984375;0.001149892807006836;0.0003528594970703125;0.00046539306640625
0.004527091979980469;0.001073598861694336;0.0003352165222167969;0.0004291534423828125
0.004561662673950195;0.0011055469512939453;0.00033974647521972656;0.00042557716369628906
0.006333112716674805;0.0013132095336914062;0.000316619873046875;0.00040531158447265625
0.006514549255371094;0.0013167858123779297;0.0003085136413574219;0.0004429817199707031
0.006606101989746094;0.0013346672058105469;0.0003204345703125;0.0004546642303466797
0.004922628402709961;0.0012102127075195312;0.00032973289489746094;0.0004031658172607422
0.0052869319915771484;0.0011317729949951172;0.0003204345703125;0.00040268898010253906
0.007133007049560547;0.001245737075805664;0.0003104209899902344;0.00039458274841308594
0.008545398712158203;0.0013260841369628906;0.00030422210693359375;0.0003898143768310547
0.01301431655883789;0.002269268035888672;0.0004975795745849609;0.0004830360412597656
0.008816242218017578;0.002300739288330078;0.0005207061767578125;0.0006630420684814453
0.008300304412841797;0.0013995170593261719;0.0003535747528076172;0.0004069805145263672
0.00863194465637207;0.0015826225280761719;0.0003376007080078125;0.00042057037353515625
0.009598493576049805;0.0016701221466064453;0.0005974769592285156;0.0004565715789794922
0.00948190689086914;0.002148151397705078;0.0005173683166503906;0.0006380081176757812
0.005926370620727539;0.001238107681274414;0.0003147125244140625;0.00040650367736816406
0.005578279495239258;0.0015108585357666016;0.00040650367736816406;0.0006163120269775391
0.006068229675292969;0.001575469970703125;0.0004162788391113281;0.0005495548248291016
0.008068561553955078;0.001589059829711914;0.00040984153747558594;0.0005266666412353516
0.007857322692871094;0.0015871524810791016;0.00044083595275878906;0.0005884170532226562
0.009025812149047852;0.0016484260559082031;0.0005602836608886719;0.0007841587066650391
0.012365579605102539;0.0019986629486083984;0.00048422813415527344;0.0005533695220947266
0.011896610260009766;0.001832723617553711;0.000392913818359375;0.000507354736328125
0.012953996658325195;0.002362966537475586;0.0006470680236816406;0.0005285739898681641
0.009728670120239258;0.0018308162689208984;0.000392913818359375;0.0005061626434326172
0.008733749389648438;0.001901388168334961;0.00046253204345703125;0.0005817413330078125
0.010303258895874023;0.0019028186798095703;0.0003898143768310547;0.0005033016204833984
0.010626077651977539;0.0025725364685058594;0.00054168701171875;0.0006797313690185547
0.010300397872924805;0.0017995834350585938;0.0003867149353027344;0.0005083084106445312
0.008690118789672852;0.0023260116577148438;0.00041222572326660156;0.0005393028259277344
0.008858919143676758;0.0027968883514404297;0.0006077289581298828;0.000820159912109375
0.007814645767211914;0.0018014907836914062;0.00045490264892578125;0.0005297660827636719
0.006814718246459961;0.0020837783813476562;0.0004019737243652344;0.0005154609680175781
0.008432865142822266;0.0020599365234375;0.00038743019104003906;0.0005030632019042969
0.01063084602355957;0.002863645553588867;0.00047278404235839844;0.0005354881286621094
0.011674642562866211;0.004124641418457031;0.0006561279296875;0.0008723735809326172
0.009977579116821289;0.002538442611694336;0.0003933906555175781;0.0005009174346923828
0.009014129638671875;0.0031778812408447266;0.0004315376281738281;0.0005311965942382812
0.011301755905151367;0.004311800003051758;0.0005884170532226562;0.0008080005645751953
0.008265972137451172;0.0033795833587646484;0.0003879070281982422;0.0005846023559570312
0.007857322692871094;0.0020024776458740234;0.0003769397735595703;0.0004868507385253906
0.007326602935791016;0.0018224716186523438;0.0003707408905029297;0.00048613548278808594
0.0057048797607421875;0.0023500919342041016;0.000400543212890625;0.0005171298980712891
0.006852149963378906;0.0016574859619140625;0.0003826618194580078;0.0004885196685791016
0.008378267288208008;0.0025556087493896484;0.0006160736083984375;0.0008041858673095703
0.004919528961181641;0.00151824951171875;0.00039315223693847656;0.0005159378051757812
0.004927396774291992;0.0016794204711914062;0.0004010200500488281;0.0005459785461425781
0.0050809383392333984;0.0013778209686279297;0.0004107952117919922;0.0006453990936279297
0.00484013557434082;0.0017580986022949219;0.00047659873962402344;0.0005626678466796875
0.005329132080078125;0.0015382766723632812;0.00039196014404296875;0.0004937648773193359
0.0064697265625;0.002483367919921875;0.0005733966827392578;0.0008013248443603516
0.0034322738647460938;0.0013396739959716797;0.0004119873046875;0.000484466552734375
0.003688812255859375;0.0013811588287353516;0.0003707408905029297;0.00047969818115234375
0.0035979747772216797;0.0013039112091064453;0.0003685951232910156;0.0005242824554443359
0.003350496292114258;0.0013899803161621094;0.0003669261932373047;0.00047898292541503906
0.003021240234375;0.0014503002166748047;0.00040221214294433594;0.00048065185546875
0.0033974647521972656;0.0014202594757080078;0.0004210472106933594;0.0005502700805664062
0.0033311843872070312;0.0017898082733154297;0.00044226646423339844;0.0006651878356933594
0.0034074783325195312;0.0013718605041503906;0.00044155120849609375;0.0006356239318847656
0.0034444332122802734;0.0016334056854248047;0.0004687309265136719;0.0005321502685546875
0.0031316280364990234;0.0014138221740722656;0.0004661083221435547;0.0006556510925292969
0.003208160400390625;0.0014197826385498047;0.000476837158203125;0.0006816387176513672
0.0029916763305664062;0.002056121826171875;0.0005743503570556641;0.0004787445068359375
0.0034863948822021484;0.001356363296508789;0.0003905296325683594;0.00047659873962402344
0.0030918121337890625;0.0014424324035644531;0.00044345855712890625;0.0005047321319580078
0.0032546520233154297;0.0015666484832763672;0.00043773651123046875;0.0005040168762207031
0.003566265106201172;0.002409219741821289;0.0005509853363037109;0.0008335113525390625
0.003043651580810547;0.0014412403106689453;0.0004363059997558594;0.0005125999450683594
0.003484964370727539;0.0014989376068115234;0.0004074573516845703;0.0005333423614501953
0.002965688705444336;0.001481771469116211;0.0003921985626220703;0.0005130767822265625
0.0031583309173583984;0.001519918441772461;0.000408172607421875;0.0005006790161132812
0.0030710697174072266;0.0014598369598388672;0.0003707408905029297;0.00048732757568359375
0.003473520278930664;0.0013096332550048828;0.00037097930908203125;0.0005586147308349609
0.002752065658569336;0.0019497871398925781;0.0004210472106933594;0.0004763603210449219
0.002843618392944336;0.0013837814331054688;0.0003714561462402344;0.0006129741668701172
0.002965688705444336;0.0013194084167480469;0.00035953521728515625;0.00048804283142089844
0.0027818679809570312;0.0013108253479003906;0.0003509521484375;0.0004649162292480469
0.0038001537322998047;0.0019783973693847656;0.0004496574401855469;0.0005576610565185547
0.002671957015991211;0.001230001449584961;0.0003666877746582031;0.0004904270172119141
0.0027413368225097656;0.001241922378540039;0.00035262107849121094;0.0005147457122802734
0.0027649402618408203;0.0012333393096923828;0.0003495216369628906;0.0004532337188720703
0.0026521682739257812;0.0012791156768798828;0.00035452842712402344;0.0004596710205078125
0.0034322738647460938;0.001239776611328125;0.0004031658172607422;0.0005509853363037109
0.003454446792602539;0.0013175010681152344;0.00036907196044921875;0.0005290508270263672
0.003072977066040039;0.0014729499816894531;0.0003638267517089844;0.0004975795745849609
0.004127025604248047;0.0022068023681640625;0.0006072521209716797;0.0007715225219726562
0.003718852996826172;0.0014677047729492188;0.0005352497100830078;0.0007851123809814453
0.003828763961791992;0.0018510818481445312;0.00044226646423339844;0.0007100105285644531
0.004086017608642578;0.0021479129791259766;0.0006825923919677734;0.0013527870178222656
0.0033104419708251953;0.0016751289367675781;0.0005519390106201172;0.0005681514739990234
0.0035295486450195312;0.0014495849609375;0.00041365623474121094;0.0009229183197021484
0.0034933090209960938;0.0017714500427246094;0.0005478858947753906;0.0008580684661865234
0.0034608840942382812;0.0018110275268554688;0.000698089599609375;0.001092672348022461
0.0036611557006835938;0.0016584396362304688;0.00037598609924316406;0.0004839897155761719
0.004652500152587891;0.001699686050415039;0.0003819465637207031;0.0005402565002441406
0.0031833648681640625;0.0017082691192626953;0.0004031658172607422;0.0004906654357910156
0.003553628921508789;0.0015795230865478516;0.0003979206085205078;0.0005080699920654297
0.002917766571044922;0.0015039443969726562;0.00037550926208496094;0.0005545616149902344
0.003168344497680664;0.0015518665313720703;0.00037479400634765625;0.00047969818115234375
0.0038673877716064453;0.0014581680297851562;0.0003745555877685547;0.0004794597625732422
0.003211498260498047;0.0015676021575927734;0.0003821849822998047;0.0005443096160888672
0.0033288002014160156;0.0015475749969482422;0.00039768218994140625;0.00048422813415527344
0.003944873809814453;0.0013761520385742188;0.0003676414489746094;0.00048422813415527344
0.0034661293029785156;0.0016353130340576172;0.0003814697265625;0.0005087852478027344
0.0031943321228027344;0.001554250717163086;0.0005626678466796875;0.000614166259765625
0.0036025047302246094;0.0017960071563720703;0.0004744529724121094;0.0005035400390625
0.003747701644897461;0.0014376640319824219;0.0004112720489501953;0.0007641315460205078
0.0041387081146240234;0.0015461444854736328;0.0004336833953857422;0.0005018711090087891
0.0034646987915039062;0.0015606880187988281;0.00047397613525390625;0.0008690357208251953
0.0074002742767333984;0.0025289058685302734;0.0005736351013183594;0.0007958412170410156
0.00478672981262207;0.0015387535095214844;0.0003733634948730469;0.00048279762268066406
0.006270408630371094;0.002430438995361328;0.0006299018859863281;0.0008218288421630859
0.0030257701873779297;0.0012700557708740234;0.00037670135498046875;0.0004782676696777344
0.0027031898498535156;0.0012023448944091797;0.0003516674041748047;0.00047469139099121094
0.0027527809143066406;0.001237630844116211;0.0003726482391357422;0.0005085468292236328
0.003156900405883789;0.0012750625610351562;0.0003485679626464844;0.00045680999755859375
0.003298521041870117;0.0013365745544433594;0.00035500526428222656;0.0004665851593017578
0.0036580562591552734;0.0013456344604492188;0.00035071372985839844;0.000469207763671875
0.003511190414428711;0.0014498233795166016;0.0003609657287597656;0.0004706382751464844
0.003481149673461914;0.0015337467193603516;0.0004169940948486328;0.00047087669372558594
0.0033082962036132812;0.0013108253479003906;0.00036644935607910156;0.0006167888641357422
0.006150960922241211;0.001428365707397461;0.0003705024719238281;0.000499725341796875
0.0057451725006103516;0.0014126300811767578;0.0003497600555419922;0.0004642009735107422
0.004635334014892578;0.0014166831970214844;0.0003783702850341797;0.0004696846008300781
0.004614830017089844;0.001329183578491211;0.00032711029052734375;0.0004322528839111328
0.0041255950927734375;0.0020284652709960938;0.0005049705505371094;0.0007102489471435547
0.002904653549194336;0.0012359619140625;0.0003292560577392578;0.0004973411560058594
0.004456520080566406;0.001966714859008789;0.0005614757537841797;0.0007331371307373047
0.0038690567016601562;0.001922607421875;0.0005092620849609375;0.0007109642028808594
0.0030448436737060547;0.0011203289031982422;0.00035262107849121094;0.0004410743713378906
0.003975629806518555;0.001972675323486328;0.000457763671875;0.0006318092346191406
0.0037450790405273438;0.0012309551239013672;0.0002968311309814453;0.0003924369812011719
0.00534510612487793;0.0019965171813964844;0.00047278404235839844;0.0006546974182128906
0.002570629119873047;0.0012989044189453125;0.0003123283386230469;0.0004012584686279297
0.0031197071075439453;0.0010917186737060547;0.00030517578125;0.00039887428283691406
0.0028417110443115234;0.0020918846130371094;0.0008676052093505859;0.0007245540618896484
0.002624034881591797;0.0012164115905761719;0.00041961669921875;0.0007348060607910156
0.0021600723266601562;0.0011463165283203125;0.00033020973205566406;0.0004165172576904297
0.0021550655364990234;0.0011103153228759766;0.00029206275939941406;0.0003769397735595703
0.002180337905883789;0.0010614395141601562;0.0002894401550292969;0.0003771781921386719
0.0024230480194091797;0.001130819320678711;0.0003952980041503906;0.0005972385406494141
0.0024852752685546875;0.0011165142059326172;0.0003178119659423828;0.00043964385986328125
0.0024938583374023438;0.0010714530944824219;0.00029730796813964844;0.00042629241943359375
0.003427267074584961;0.0012252330780029297;0.0003039836883544922;0.0004131793975830078
0.003789663314819336;0.0011749267578125;0.00028514862060546875;0.00037598609924316406
0.004307270050048828;0.001210927963256836;0.00029468536376953125;0.0004124641418457031
0.005145549774169922;0.0012006759643554688;0.00029969215393066406;0.00041031837463378906
0.0022363662719726562;0.0011246204376220703;0.00029730796813964844;0.0003876686096191406
0.003091573715209961;0.001275777816772461;0.0003590583801269531;0.0004038810729980469
0.0035943984985351562;0.0021924972534179688;0.0004951953887939453;0.0006718635559082031
0.002662181854248047;0.0012640953063964844;0.00031685829162597656;0.00045299530029296875
0.0037322044372558594;0.0019376277923583984;0.0006151199340820312;0.0009334087371826172
0.0030705928802490234;0.0012514591217041016;0.0003237724304199219;0.0004239082336425781
0.004217863082885742;0.001361846923828125;0.0003407001495361328;0.0004291534423828125
0.003271818161010742;0.0011951923370361328;0.00034236907958984375;0.0004291534423828125
0.003606081008911133;0.0012667179107666016;0.0003285408020019531;0.00044035911560058594
0.0024979114532470703;0.0014965534210205078;0.0003542900085449219;0.0005011558532714844
0.0054779052734375;0.0022029876708984375;0.0005235671997070312;0.0006952285766601562
0.004201650619506836;0.0013976097106933594;0.00033402442932128906;0.0004303455352783203
0.002817869186401367;0.0013003349304199219;0.00033473968505859375;0.0004916191101074219
0.0032088756561279297;0.0012857913970947266;0.00042510032653808594;0.0005025863647460938
0.0028371810913085938;0.0012676715850830078;0.0003838539123535156;0.0004677772521972656
0.0038802623748779297;0.002171039581298828;0.0005421638488769531;0.0007479190826416016
0.0028929710388183594;0.0012736320495605469;0.0005362033843994141;0.0008797645568847656
0.0025687217712402344;0.0012073516845703125;0.00032711029052734375;0.0004286766052246094
0.003391742706298828;0.001992940902709961;0.0005207061767578125;0.0007288455963134766
0.003684520721435547;0.001987934112548828;0.0005650520324707031;0.0007781982421875
0.003575563430786133;0.0020291805267333984;0.0005285739898681641;0.00047135353088378906
0.004625558853149414;0.001461029052734375;0.0003654956817626953;0.0016560554504394531
0.004609107971191406;0.0016047954559326172;0.00046372413635253906;0.0009393692016601562
0.004786491394042969;0.00150299072265625;0.0004830360412597656;0.0005259513854980469
0.0034418106079101562;0.002177715301513672;0.0006859302520751953;0.0008318424224853516
0.0044825077056884766;0.0015740394592285156;0.0004394054412841797;0.0004603862762451172
0.003068208694458008;0.0013408660888671875;0.0003838539123535156;0.0005695819854736328
0.003161191940307617;0.0012543201446533203;0.00037670135498046875;0.00047707557678222656
0.0026526451110839844;0.0012683868408203125;0.0003695487976074219;0.0006341934204101562
0.002825498580932617;0.0012333393096923828;0.0003402233123779297;0.0004820823669433594
0.0025949478149414062;0.0013551712036132812;0.0003402233123779297;0.0004487037658691406
0.002784252166748047;0.0012116432189941406;0.0003361701965332031;0.000446319580078125
0.002821683883666992;0.0012183189392089844;0.00033926963806152344;0.00045037269592285156
0.0036363601684570312;0.0020852088928222656;0.0005247592926025391;0.0007486343383789062
0.0026035308837890625;0.001270294189453125;0.00033974647521972656;0.0004477500915527344
0.003011465072631836;0.0013263225555419922;0.0003573894500732422;0.0004448890686035156
0.0033164024353027344;0.0012760162353515625;0.0003445148468017578;0.0004439353942871094
0.004142284393310547;0.0019927024841308594;0.0005242824554443359;0.0007653236389160156
0.003366708755493164;0.0013604164123535156;0.0003445148468017578;0.0004527568817138672
0.0038406848907470703;0.002070903778076172;0.0005381107330322266;0.0007419586181640625
0.004868745803833008;0.0013515949249267578;0.0004093647003173828;0.0005125999450683594
0.0032105445861816406;0.001312255859375;0.00042629241943359375;0.0006320476531982422
0.0033698081970214844;0.0013892650604248047;0.0004703998565673828;0.000476837158203125
0.0035889148712158203;0.0014617443084716797;0.00043773651123046875;0.0006029605865478516
0.0034139156341552734;0.0012760162353515625;0.0003535747528076172;0.0004737377166748047
0.0027234554290771484;0.0013580322265625;0.0005121231079101562;0.000751495361328125
0.003685474395751953;0.002010822296142578;0.0005576610565185547;0.0008552074432373047
0.0029823780059814453;0.0012879371643066406;0.0003712177276611328;0.00048279762268066406
0.0037250518798828125;0.0017218589782714844;0.0005347728729248047;0.0008504390716552734
0.003609180450439453;0.0012552738189697266;0.0003483295440673828;0.0004773139953613281
0.0026192665100097656;0.0012695789337158203;0.0004699230194091797;0.0007221698760986328
0.0029799938201904297;0.0012359619140625;0.0003783702850341797;0.0005023479461669922
0.0026094913482666016;0.001207113265991211;0.00034117698669433594;0.00044727325439453125
0.002899646759033203;0.0012502670288085938;0.0003323554992675781;0.0004475116729736328
0.0028514862060546875;0.001291036605834961;0.0003814697265625;0.00044798851013183594
0.002946615219116211;0.0011734962463378906;0.00034308433532714844;0.00045418739318847656
0.0033321380615234375;0.0012617111206054688;0.0003440380096435547;0.0004515647888183594
0.0031270980834960938;0.0012955665588378906;0.0003533363342285156;0.00047850608825683594
0.0036339759826660156;0.0013742446899414062;0.0003533363342285156;0.0004565715789794922
0.003137350082397461;0.0015187263488769531;0.0004696846008300781;0.0005905628204345703
0.003128528594970703;0.001338958740234375;0.00046324729919433594;0.0005543231964111328
0.0027837753295898438;0.0017194747924804688;0.0005345344543457031;0.0005698204040527344
0.002857685089111328;0.0012743473052978516;0.00041604042053222656;0.0005655288696289062
0.0030548572540283203;0.0013587474822998047;0.00035881996154785156;0.0005013942718505859
0.0031189918518066406;0.0012786388397216797;0.0004825592041015625;0.00046539306640625
0.002594470977783203;0.0012879371643066406;0.0004303455352783203;0.0005738735198974609
0.003033161163330078;0.0013117790222167969;0.0003380775451660156;0.0005009174346923828
0.004557371139526367;0.0015015602111816406;0.0003948211669921875;0.0005905628204345703
0.004382133483886719;0.0014636516571044922;0.00042510032653808594;0.0004909038543701172
0.002968311309814453;0.0013544559478759766;0.0003628730773925781;0.0005853176116943359
0.005542278289794922;0.0015521049499511719;0.000553131103515625;0.0008387565612792969
0.006232023239135742;0.0022499561309814453;0.0004792213439941406;0.0007035732269287109
0.007131814956665039;0.002100229263305664;0.0003654956817626953;0.0004532337188720703
0.0034890174865722656;0.0014116764068603516;0.00035572052001953125;0.0005235671997070312
0.005259990692138672;0.0014562606811523438;0.0003540515899658203;0.0004551410675048828
0.006043910980224609;0.002290487289428711;0.00036454200744628906;0.0004723072052001953
0.0060329437255859375;0.0014576911926269531;0.0003674030303955078;0.00045752525329589844
0.006996870040893555;0.002045154571533203;0.00046253204345703125;0.00045990943908691406
0.007457256317138672;0.0015637874603271484;0.0003421306610107422;0.0005037784576416016
0.007445096969604492;0.0025124549865722656;0.0005776882171630859;0.0005488395690917969
0.005834102630615234;0.0021524429321289062;0.0005676746368408203;0.0007002353668212891
0.004752397537231445;0.0014772415161132812;0.00043272972106933594;0.0006091594696044922
0.0051457881927490234;0.0014634132385253906;0.00044226646423339844;0.0006017684936523438
0.004962921142578125;0.0014293193817138672;0.00035572052001953125;0.0005488395690917969
0.00835871696472168;0.0017902851104736328;0.0004725456237792969;0.0006127357482910156
0.004338264465332031;0.001262664794921875;0.00037479400634765625;0.0004477500915527344
0.0026891231536865234;0.001117706298828125;0.0003402233123779297;0.0004439353942871094
0.0026085376739501953;0.0012545585632324219;0.00033855438232421875;0.0004439353942871094
0.0032470226287841797;0.0012950897216796875;0.0003414154052734375;0.0004451274871826172
0.003390073776245117;0.0013365745544433594;0.0003447532653808594;0.0004980564117431641
0.0030469894409179688;0.0014269351959228516;0.00047326087951660156;0.0004923343658447266
0.0048444271087646484;0.0014977455139160156;0.00035071372985839844;0.0004565715789794922
0.004220008850097656;0.0014259815216064453;0.00043272972106933594;0.0004630088806152344
0.004560232162475586;0.0020029544830322266;0.0005366802215576172;0.0007338523864746094
0.0028502941131591797;0.0013511180877685547;0.0005304813385009766;0.0005433559417724609
0.0060689449310302734;0.001646280288696289;0.0004506111145019531;0.0006203651428222656
0.006540060043334961;0.0017595291137695312;0.0004496574401855469;0.0005941390991210938
0.004432201385498047;0.0016033649444580078;0.0006561279296875;0.0007445812225341797
0.004021883010864258;0.0017943382263183594;0.0004684925079345703;0.0005841255187988281
0.00615382194519043;0.0017230510711669922;0.0004818439483642578;0.0005812644958496094
0.005144596099853516;0.0016827583312988281;0.0004885196685791016;0.0006072521209716797
0.0043489933013916016;0.0016982555389404297;0.00044727325439453125;0.0006387233734130859
0.003985404968261719;0.0016617774963378906;0.00042939186096191406;0.0005695819854736328
0.003980875015258789;0.0016584396362304688;0.0004444122314453125;0.0005540847778320312
0.0044422149658203125;0.0024001598358154297;0.0006182193756103516;0.0005545616149902344
0.003965854644775391;0.0017805099487304688;0.00043201446533203125;0.0005483627319335938
0.0042154788970947266;0.0017719268798828125;0.00043463706970214844;0.0005526542663574219
0.005280017852783203;0.0016808509826660156;0.0004467964172363281;0.0006051063537597656
0.004547595977783203;0.0027387142181396484;0.0006690025329589844;0.0006802082061767578
0.005279064178466797;0.002719402313232422;0.0006687641143798828;0.0009276866912841797
0.00604557991027832;0.0018050670623779297;0.0004220008850097656;0.0005517005920410156
0.005482673645019531;0.0017750263214111328;0.00042891502380371094;0.0005795955657958984
0.0049822330474853516;0.0018124580383300781;0.0004405975341796875;0.0005652904510498047
0.006081581115722656;0.0029268264770507812;0.0007708072662353516;0.0008714199066162109
0.011019468307495117;0.0032465457916259766;0.0006544589996337891;0.0009200572967529297
0.0067255496978759766;0.0024406909942626953;0.0004978179931640625;0.0006983280181884766
0.006864786148071289;0.0016565322875976562;0.0004405975341796875;0.0005235671997070312
0.003146648406982422;0.0015506744384765625;0.00045371055603027344;0.0005228519439697266
0.0031402111053466797;0.0016090869903564453;0.00045228004455566406;0.0005261898040771484
0.005151987075805664;0.002462625503540039;0.0007157325744628906;0.0010068416595458984
0.003498554229736328;0.0015571117401123047;0.0004572868347167969;0.0005609989166259766
0.005861997604370117;0.0021936893463134766;0.0004754066467285156;0.0006537437438964844
0.006192922592163086;0.0018877983093261719;0.0004584789276123047;0.0005064010620117188
0.007086038589477539;0.0017786026000976562;0.00043654441833496094;0.0005064010620117188
0.008105039596557617;0.0027201175689697266;0.0008475780487060547;0.0008866786956787109
0.004637002944946289;0.002528667449951172;0.0007338523864746094;0.0009953975677490234
0.004302024841308594;0.0017516613006591797;0.0004563331604003906;0.0005059242248535156
0.003999471664428711;0.0017986297607421875;0.0009026527404785156;0.00067901611328125
0.004575252532958984;0.0017039775848388672;0.0004916191101074219;0.0005114078521728516
0.0040111541748046875;0.0016407966613769531;0.0005562305450439453;0.0007071495056152344
0.0037081241607666016;0.0018625259399414062;0.00046181678771972656;0.0005404949188232422
0.004244089126586914;0.0017671585083007812;0.0005173683166503906;0.0005097389221191406
0.006085395812988281;0.001657247543334961;0.00043129920959472656;0.0005004405975341797
0.00786137580871582;0.0026161670684814453;0.000621795654296875;0.0008628368377685547
0.006976604461669922;0.0016913414001464844;0.00043773651123046875;0.000537872314453125
0.009228944778442383;0.0017535686492919922;0.00042128562927246094;0.0005016326904296875
0.012552976608276367;0.0034406185150146484;0.0006206035614013672;0.0008308887481689453
0.011116266250610352;0.002727508544921875;0.0004971027374267578;0.0006046295166015625
0.004491090774536133;0.0015904903411865234;0.0005438327789306641;0.0005266666412353516
0.0034334659576416016;0.002173900604248047;0.0006875991821289062;0.0005023479461669922
0.004600048065185547;0.001745462417602539;0.00044417381286621094;0.0005106925964355469
0.005505084991455078;0.0017452239990234375;0.00043892860412597656;0.0005059242248535156
0.004885196685791016;0.0015113353729248047;0.00043702125549316406;0.0005035400390625
0.006271839141845703;0.0014300346374511719;0.0004107952117919922;0.00048279762268066406
0.007386922836303711;0.0014972686767578125;0.0004570484161376953;0.0005018711090087891
0.007892131805419922;0.0018270015716552734;0.0004901885986328125;0.0004899501800537109
0.007017374038696289;0.0015347003936767578;0.0004215240478515625;0.00048279762268066406
0.00492548942565918;0.002302885055541992;0.0007207393646240234;0.0007855892181396484
0.008493900299072266;0.00244903564453125;0.0008816719055175781;0.0008323192596435547
0.0045740604400634766;0.00238800048828125;0.0007677078247070312;0.0008521080017089844
0.004838228225708008;0.002333402633666992;0.0008838176727294922;0.0008070468902587891
0.003414630889892578;0.0015077590942382812;0.000469207763671875;0.0004792213439941406
0.004591941833496094;0.002507448196411133;0.0007789134979248047;0.0007889270782470703
0.003282785415649414;0.0014615058898925781;0.0004570484161376953;0.000484466552734375
0.0032584667205810547;0.0015461444854736328;0.0004944801330566406;0.0004792213439941406
0.005442142486572266;0.002273082733154297;0.000530242919921875;0.0005202293395996094
0.0037069320678710938;0.0016613006591796875;0.0005364418029785156;0.0005404949188232422
0.00442957878112793;0.0019385814666748047;0.0007340908050537109;0.0005140304565429688
0.003431081771850586;0.0015130043029785156;0.0005688667297363281;0.0006475448608398438
0.0036590099334716797;0.0015971660614013672;0.0005681514739990234;0.0008876323699951172
0.00651097297668457;0.0015444755554199219;0.0004608631134033203;0.0004813671112060547
0.1009976863861084;0.0014104843139648438;0.0004639625549316406;0.0004622936248779297
0.09820389747619629;0.0013353824615478516;0.00047206878662109375;0.0004360675811767578
0.08853650093078613;0.0013432502746582031;0.0004355907440185547;0.00043201446533203125
0.08568882942199707;0.0012781620025634766;0.0004360675811767578;0.0004165172576904297
0.01273202896118164;0.0012753009796142578;0.000446319580078125;0.0004680156707763672
0.09500360488891602;0.0013186931610107422;0.00042939186096191406;0.0004279613494873047
0.08518338203430176;0.001308441162109375;0.0004496574401855469;0.0004119873046875
0.08573269844055176;0.001270294189453125;0.00040435791015625;0.00040078163146972656
0.07316303253173828;0.0011031627655029297;0.00039386749267578125;0.0003688335418701172
0.07294845581054688;0.001110076904296875;0.00039505958557128906;0.00036787986755371094
0.06317448616027832;0.0010559558868408203;0.00034117698669433594;0.0003714561462402344
0.05813407897949219;0.0010218620300292969;0.00036716461181640625;0.0003459453582763672
0.05536603927612305;0.0009808540344238281;0.00035381317138671875;0.0003299713134765625
0.056470632553100586;0.0009603500366210938;0.0003497600555419922;0.00032520294189453125
0.05488324165344238;0.0010156631469726562;0.0003752708435058594;0.0003275871276855469
0.05438733100891113;0.001077890396118164;0.0003578662872314453;0.0003724098205566406
0.0586695671081543;0.0011317729949951172;0.00033402442932128906;0.0003368854522705078
0.05662941932678223;0.0010921955108642578;0.00036215782165527344;0.0003452301025390625
0.06282591819763184;0.001188516616821289;0.0003542900085449219;0.00039315223693847656
0.07030081748962402;0.0011644363403320312;0.00033974647521972656;0.0003705024719238281
0.06955957412719727;0.0011875629425048828;0.00037169456481933594;0.000370025634765625
0.07438898086547852;0.0011627674102783203;0.00037741661071777344;0.0003726482391357422
0.07399368286132812;0.0011403560638427734;0.00037288665771484375;0.0003924369812011719
0.07275676727294922;0.001094818115234375;0.0003476142883300781;0.0003769397735595703
0.06504368782043457;0.0011515617370605469;0.00038552284240722656;0.00040650367736816406
0.07325935363769531;0.0011260509490966797;0.00036644935607910156;0.00036644935607910156
0.07308459281921387;0.0011162757873535156;0.0003643035888671875;0.0003654956817626953
0.06636714935302734;0.0011293888092041016;0.0003421306610107422;0.00037097930908203125
0.06636309623718262;0.0011217594146728516;0.0003712177276611328;0.00037288665771484375
0.0655364990234375;0.001087188720703125;0.00038051605224609375;0.0004138946533203125
0.06809067726135254;0.0010919570922851562;0.00038695335388183594;0.0003590583801269531
0.06534385681152344;0.0011539459228515625;0.0003337860107421875;0.0003616809844970703
0.0596461296081543;0.0010633468627929688;0.0003292560577392578;0.000385284423828125
0.08463788032531738;0.0016574859619140625;0.0005884170532226562;0.0004839897155761719
0.08734345436096191;0.0014243125915527344;0.0005135536193847656;0.0005104541778564453
0.0909726619720459;0.0013501644134521484;0.00043964385986328125;0.0004374980926513672
0.08064866065979004;0.0013325214385986328;0.00043320655822753906;0.00042939186096191406
0.08336544036865234;0.0012729167938232422;0.00045990943908691406;0.00042366981506347656
0.07589888572692871;0.0013000965118408203;0.0007021427154541016;0.00042176246643066406
0.07956767082214355;0.0011851787567138672;0.0003693103790283203;0.0004031658172607422
0.07649874687194824;0.001262664794921875;0.0003714561462402344;0.0004208087921142578
0.08177018165588379;0.001226663589477539;0.0003955364227294922;0.0003933906555175781
0.07894444465637207;0.0011539459228515625;0.0004076957702636719;0.00037980079650878906
0.06944966316223145;0.0012469291687011719;0.00041222572326660156;0.0003800392150878906
0.07841134071350098;0.0011563301086425781;0.0004489421844482422;0.0003898143768310547
0.08028984069824219;0.0012097358703613281;0.00042510032653808594;0.0003898143768310547
0.08109641075134277;0.0011909008026123047;0.00045871734619140625;0.0004050731658935547
0.07674312591552734;0.0012123584747314453;0.000385284423828125;0.00038361549377441406
0.06838703155517578;0.0012257099151611328;0.0003867149353027344;0.00038886070251464844
0.0708305835723877;0.0011560916900634766;0.00038123130798339844;0.0003790855407714844
0.0676887035369873;0.0011818408966064453;0.00040602684020996094;0.00039649009704589844
0.0749971866607666;0.0011649131774902344;0.0003674030303955078;0.0004227161407470703
0.07400631904602051;0.0011684894561767578;0.00041675567626953125;0.00036978721618652344
0.07152128219604492;0.0011744499206542969;0.0004093647003173828;0.0003657341003417969
0.07652878761291504;0.0011026859283447266;0.00038933753967285156;0.0003657341003417969
0.07155346870422363;0.001129150390625;0.00040411949157714844;0.00035262107849121094
