Encontrar Chessboard,Ajustar Esquinas,Calcular Matriz,Proyectar Puntos
0.002372264862060547,0.000985860824584961,0.0003457069396972656,0.0005338191986083984
0.001554727554321289,0.0005965232849121094,0.00024127960205078125,0.00020933151245117188
0.0019266605377197266,0.0006721019744873047,0.0002818107604980469,0.000209808349609375
0.0018527507781982422,0.0006251335144042969,0.0002117156982421875,0.00022363662719726562
0.0020248889923095703,0.0006635189056396484,0.0002117156982421875,0.0002052783966064453
0.0017058849334716797,0.0006103515625,0.00021910667419433594,0.00028061866760253906
0.002138376235961914,0.0006144046783447266,0.0003452301025390625,0.00029730796813964844
0.0018258094787597656,0.0009992122650146484,0.00026679039001464844,0.00028443336486816406
0.0024261474609375,0.00057220458984375,0.0002300739288330078,0.0002357959747314453
0.0018947124481201172,0.000812530517578125,0.0002124309539794922,0.00019073486328125
0.0021970272064208984,0.0008068084716796875,0.0002391338348388672,0.00022935867309570312
0.0063097476959228516,0.0006055831909179688,0.0002105236053466797,0.00022554397583007812
0.0018868446350097656,0.0005905628204345703,0.00021910667419433594,0.0002658367156982422
0.0016520023345947266,0.0010042190551757812,0.00026679039001464844,0.0002753734588623047
0.001842498779296875,0.0007658004760742188,0.0002574920654296875,0.0002734661102294922
0.001771688461303711,0.0006515979766845703,0.00020623207092285156,0.0004761219024658203
0.002014636993408203,0.0005893707275390625,0.00020170211791992188,0.00022792816162109375
0.0015788078308105469,0.0005552768707275391,0.00019049644470214844,0.00021648406982421875
0.0035970211029052734,0.0007700920104980469,0.0005013942718505859,0.00028824806213378906
0.0018928050994873047,0.0008463859558105469,0.0001857280731201172,0.00018835067749023438
0.0015461444854736328,0.0005443096160888672,0.00020837783813476562,0.00019097328186035156
0.0016045570373535156,0.0006821155548095703,0.0002002716064453125,0.0002830028533935547
0.002618551254272461,0.0006341934204101562,0.0003352165222167969,0.00021123886108398438
0.00188446044921875,0.0007581710815429688,0.00023794174194335938,0.00021910667419433594
0.007073163986206055,0.0006055831909179688,0.0002033710479736328,0.0002562999725341797
0.0016062259674072266,0.0006008148193359375,0.0002148151397705078,0.00019097328186035156
0.002683877944946289,0.0006091594696044922,0.00022101402282714844,0.00020742416381835938
0.002355813980102539,0.0006232261657714844,0.00020074844360351562,0.00020194053649902344
0.0029168128967285156,0.0007615089416503906,0.0002484321594238281,0.00022792816162109375
0.0019533634185791016,0.0008509159088134766,0.0004622936248779297,0.0003216266632080078
0.0034246444702148438,0.0006093978881835938,0.00028204917907714844,0.0002276897430419922
0.002361297607421875,0.0006036758422851562,0.000217437744140625,0.0003235340118408203
0.0041904449462890625,0.0008091926574707031,0.0002570152282714844,0.0003769397735595703
0.003233194351196289,0.0010488033294677734,0.00021338462829589844,0.0003066062927246094
0.0017807483673095703,0.0006229877471923828,0.0003409385681152344,0.00038909912109375
0.007822751998901367,0.0005936622619628906,0.0001823902130126953,0.00018906593322753906
0.004936695098876953,0.0007658004760742188,0.0002155303955078125,0.0001964569091796875
0.006497859954833984,0.00058746337890625,0.00019049644470214844,0.00024199485778808594
0.0035762786865234375,0.0005919933319091797,0.00029015541076660156,0.0002601146697998047
0.00836801528930664,0.0008864402770996094,0.00020122528076171875,0.0002448558807373047
0.006106853485107422,0.0008938312530517578,0.0001914501190185547,0.00021266937255859375
0.0061872005462646484,0.0008547306060791016,0.00021004676818847656,0.0002694129943847656
0.004739999771118164,0.0011625289916992188,0.0003018379211425781,0.0016145706176757812
0.059052467346191406,0.0007164478302001953,0.0001780986785888672,0.00020837783813476562
0.0587763786315918,0.0007538795471191406,0.00017547607421875,0.0001938343048095703
0.05834484100341797,0.0006265640258789062,0.00016736984252929688,0.00019478797912597656
0.062364816665649414,0.0005877017974853516,0.0001685619354248047,0.00019025802612304688
0.07084250450134277,0.0006272792816162109,0.00017690658569335938,0.00020074844360351562
0.062216997146606445,0.0006015300750732422,0.00016951560974121094,0.0001957416534423828
0.05782198905944824,0.0005931854248046875,0.00017118453979492188,0.00019621849060058594
0.0673987865447998,0.0007069110870361328,0.0002770423889160156,0.0003650188446044922
0.06780004501342773,0.0006134510040283203,0.00016951560974121094,0.00019168853759765625
0.06224870681762695,0.0006461143493652344,0.000194549560546875,0.00019884109497070312
0.057338714599609375,0.0007283687591552734,0.00018739700317382812,0.00019359588623046875
0.05687117576599121,0.0006008148193359375,0.0001876354217529297,0.0002002716064453125
0.060163021087646484,0.0005998611450195312,0.00016999244689941406,0.0002086162567138672
0.06519770622253418,0.0006034374237060547,0.00019598007202148438,0.0002052783966064453
0.06559252738952637,0.0006039142608642578,0.0001761913299560547,0.00019812583923339844
0.06659221649169922,0.0006709098815917969,0.0001811981201171875,0.00021028518676757812
0.06108832359313965,0.0006072521209716797,0.00017118453979492188,0.0001926422119140625
0.008077383041381836,0.0006244182586669922,0.0002105236053466797,0.00022840499877929688
0.06270933151245117,0.0006086826324462891,0.0001747608184814453,0.0003647804260253906
0.06526541709899902,0.0006005764007568359,0.00032210350036621094,0.00020647048950195312
0.07248950004577637,0.0007205009460449219,0.00020241737365722656,0.00020599365234375
0.06247973442077637,0.0005917549133300781,0.00017118453979492188,0.00019621849060058594
0.0615842342376709,0.0005991458892822266,0.0001671314239501953,0.0001926422119140625
0.06581449508666992,0.0005981922149658203,0.0001647472381591797,0.0003523826599121094
0.06364989280700684,0.0007348060607910156,0.00016999244689941406,0.0002033710479736328
0.05633234977722168,0.0005877017974853516,0.0001659393310546875,0.00019240379333496094
0.05919909477233887,0.0006046295166015625,0.0001652240753173828,0.0002186298370361328
0.05700206756591797,0.0005877017974853516,0.0002720355987548828,0.0001914501190185547
0.05821967124938965,0.0006170272827148438,0.0001785755157470703,0.00021219253540039062
0.06935334205627441,0.0007808208465576172,0.0001761913299560547,0.00019478797912597656
0.06741166114807129,0.0006635189056396484,0.0001704692840576172,0.0001957416534423828
0.058333396911621094,0.0006277561187744141,0.0001666545867919922,0.00019550323486328125
0.059018850326538086,0.0006260871887207031,0.00016498565673828125,0.00019097328186035156
0.06389212608337402,0.0006899833679199219,0.0001780986785888672,0.000217437744140625
0.05788397789001465,0.0006241798400878906,0.00016355514526367188,0.00040149688720703125
0.06533455848693848,0.0006182193756103516,0.00016617774963378906,0.00019216537475585938
0.0666344165802002,0.0006213188171386719,0.00017833709716796875,0.00019669532775878906
0.0613253116607666,0.0008120536804199219,0.00019288063049316406,0.00019693374633789062
0.060285091400146484,0.0006690025329589844,0.00016927719116210938,0.0001964569091796875
0.062067270278930664,0.0006461143493652344,0.00017380714416503906,0.000194549560546875
0.06148028373718262,0.0006473064422607422,0.0001723766326904297,0.00019478797912597656
0.06211996078491211,0.0007581710815429688,0.00018525123596191406,0.00023436546325683594
0.06688809394836426,0.0007255077362060547,0.0003075599670410156,0.00019812583923339844
0.063018798828125,0.0005903244018554688,0.00017070770263671875,0.00019598007202148438
0.06393194198608398,0.0007433891296386719,0.00017642974853515625,0.00019598007202148438
0.06303811073303223,0.0006330013275146484,0.00019478797912597656,0.0002028942108154297
0.05895590782165527,0.0006449222564697266,0.00033164024353027344,0.00022029876708984375
0.07609724998474121,0.000690460205078125,0.00021314620971679688,0.0002493858337402344
0.061868906021118164,0.0006012916564941406,0.00017142295837402344,0.0001952648162841797
0.06000185012817383,0.0006647109985351562,0.00017261505126953125,0.00019884109497070312
0.061472415924072266,0.000644683837890625,0.00017213821411132812,0.00020694732666015625
0.06250834465026855,0.0006546974182128906,0.0002124309539794922,0.00022721290588378906
0.06338167190551758,0.0006132125854492188,0.00017213821411132812,0.00019598007202148438
0.07352519035339355,0.0006344318389892578,0.000171661376953125,0.00019669532775878906
0.06958794593811035,0.0009224414825439453,0.0001838207244873047,0.00021386146545410156
0.07199907302856445,0.0007171630859375,0.0003056526184082031,0.00020074844360351562
0.06879711151123047,0.0007028579711914062,0.00018262863159179688,0.00019240379333496094
0.0667874813079834,0.0008714199066162109,0.0001971721649169922,0.0002079010009765625
0.06642794609069824,0.0006916522979736328,0.00018668174743652344,0.0003044605255126953
0.0680692195892334,0.0006480216979980469,0.0001842975616455078,0.00019669532775878906
0.07454276084899902,0.0006425380706787109,0.00018548965454101562,0.00019502639770507812
0.060820579528808594,0.0006520748138427734,0.00018978118896484375,0.00020313262939453125
0.060822248458862305,0.0007474422454833984,0.00018095970153808594,0.00020885467529296875
0.05927681922912598,0.0006122589111328125,0.00017762184143066406,0.0001881122589111328
0.06089019775390625,0.0006098747253417969,0.00018334388732910156,0.0002281665802001953
0.0648186206817627,0.0006251335144042969,0.0001766681671142578,0.0002067089080810547
0.062494516372680664,0.0007708072662353516,0.00019025802612304688,0.00019788742065429688
0.06440091133117676,0.0007722377777099609,0.0001800060272216797,0.0002186298370361328
0.06440973281860352,0.0008227825164794922,0.0001888275146484375,0.00021195411682128906
0.07080197334289551,0.0008957386016845703,0.00017213821411132812,0.0001976490020751953
0.056467294692993164,0.0006220340728759766,0.00016689300537109375,0.00020360946655273438
0.061650991439819336,0.0006029605865478516,0.00016641616821289062,0.0001900196075439453
0.06684994697570801,0.0007030963897705078,0.0001933574676513672,0.0001990795135498047
0.056838274002075195,0.0006489753723144531,0.000179290771484375,0.00019288063049316406
0.058347225189208984,0.0006315708160400391,0.00018072128295898438,0.00019431114196777344
0.06211972236633301,0.0006902217864990234,0.00018858909606933594,0.0002040863037109375
0.061545372009277344,0.0009088516235351562,0.00018024444580078125,0.00020051002502441406
0.061769962310791016,0.0007998943328857422,0.0001819133758544922,0.00022149085998535156
0.06603717803955078,0.0006442070007324219,0.0001728534698486328,0.00019431114196777344
0.06391191482543945,0.0006432533264160156,0.0001697540283203125,0.0002090930938720703
0.06845474243164062,0.0006737709045410156,0.00017976760864257812,0.0002090930938720703
0.0686337947845459,0.0006623268127441406,0.00019812583923339844,0.0001938343048095703
0.06721210479736328,0.0006244182586669922,0.00017499923706054688,0.0002090930938720703
0.06251120567321777,0.0007448196411132812,0.00019216537475585938,0.00021409988403320312
0.0032460689544677734,0.0005910396575927734,0.00018978118896484375,0.00039458274841308594
0.06854414939880371,0.0006902217864990234,0.0001819133758544922,0.0002181529998779297
0.07013559341430664,0.0006780624389648438,0.0001761913299560547,0.0002033710479736328
0.07004427909851074,0.0006442070007324219,0.00016880035400390625,0.0001952648162841797
0.06396627426147461,0.0006937980651855469,0.00017595291137695312,0.00020241737365722656
0.003442049026489258,0.0008909702301025391,0.00026702880859375,0.000591278076171875
0.0033926963806152344,0.0008714199066162109,0.0002949237823486328,0.0002722740173339844
0.0020110607147216797,0.0012297630310058594,0.00028061866760253906,0.00034117698669433594
0.06769967079162598,0.0006811618804931641,0.00018095970153808594,0.00020623207092285156
0.0036232471466064453,0.0005643367767333984,0.00019884109497070312,0.00022554397583007812
0.002026081085205078,0.0017046928405761719,0.0001773834228515625,0.00019979476928710938
0.0031228065490722656,0.0006594657897949219,0.0001811981201171875,0.00021338462829589844
0.06884145736694336,0.0006327629089355469,0.00018334388732910156,0.0004515647888183594
0.07024550437927246,0.0006694793701171875,0.00017309188842773438,0.00019788742065429688
0.07256340980529785,0.0006656646728515625,0.00023293495178222656,0.00035858154296875
0.07715463638305664,0.0007774829864501953,0.00017976760864257812,0.00020575523376464844
0.06528019905090332,0.000720977783203125,0.0001964569091796875,0.00023102760314941406
0.06716275215148926,0.0006244182586669922,0.0001690387725830078,0.00019407272338867188
0.06608009338378906,0.0007355213165283203,0.0001723766326904297,0.00019502639770507812
0.06779670715332031,0.0006196498870849609,0.00017118453979492188,0.00020122528076171875
0.06153368949890137,0.0007004737854003906,0.00017881393432617188,0.0002071857452392578
0.06629109382629395,0.0006577968597412109,0.0001761913299560547,0.0002346038818359375
0.004194974899291992,0.0007359981536865234,0.0003001689910888672,0.0003781318664550781
0.058721065521240234,0.0006959438323974609,0.00018668174743652344,0.0003292560577392578
0.06364893913269043,0.0006287097930908203,0.00016641616821289062,0.00019359588623046875
0.07021236419677734,0.0006155967712402344,0.0001773834228515625,0.00019240379333496094
0.058457374572753906,0.000644683837890625,0.00016498565673828125,0.00019788742065429688
0.06506204605102539,0.0005998611450195312,0.00018095970153808594,0.0002067089080810547
0.06345868110656738,0.0006532669067382812,0.00018596649169921875,0.00019693374633789062
0.07141518592834473,0.0008206367492675781,0.0001838207244873047,0.00021529197692871094
0.07002139091491699,0.0006926059722900391,0.0001842975616455078,0.00035834312438964844
0.06723499298095703,0.0005993843078613281,0.00016117095947265625,0.00019025802612304688
0.07094788551330566,0.0006625652313232422,0.00016498565673828125,0.0001933574676513672
0.061956167221069336,0.0007417201995849609,0.00017333030700683594,0.0001938343048095703
0.07144570350646973,0.0006957054138183594,0.00017881393432617188,0.0001971721649169922
0.07066178321838379,0.0008409023284912109,0.0001766681671142578,0.00019598007202148438
0.06831169128417969,0.0007033348083496094,0.0001728534698486328,0.0001914501190185547
0.06966114044189453,0.0006287097930908203,0.0003724098205566406,0.0002117156982421875
0.06491756439208984,0.0006775856018066406,0.00017571449279785156,0.00019884109497070312
0.06138277053833008,0.0006639957427978516,0.0001862049102783203,0.00019621849060058594
0.06081891059875488,0.0006582736968994141,0.00018906593322753906,0.0001976490020751953
0.06477093696594238,0.0006961822509765625,0.00020432472229003906,0.00032138824462890625
0.06464529037475586,0.0006115436553955078,0.00019288063049316406,0.00021004676818847656
0.06365132331848145,0.00086212158203125,0.0002613067626953125,0.00021696090698242188
0.06542396545410156,0.0006077289581298828,0.00016832351684570312,0.00019431114196777344
0.06408214569091797,0.0007686614990234375,0.00020241737365722656,0.0002200603485107422
0.07651615142822266,0.0008869171142578125,0.0001857280731201172,0.00020742416381835938
0.06869745254516602,0.0006308555603027344,0.0001780986785888672,0.00020122528076171875
0.06966519355773926,0.0007719993591308594,0.00017189979553222656,0.00019431114196777344
0.06447410583496094,0.0006256103515625,0.00019097328186035156,0.00022745132446289062
0.0031082630157470703,0.0007185935974121094,0.0003292560577392578,0.00022125244140625
0.06824636459350586,0.0006923675537109375,0.0002567768096923828,0.00023317337036132812
0.06681370735168457,0.0006814002990722656,0.00021457672119140625,0.00022220611572265625
0.005190372467041016,0.001149892807006836,0.00019216537475585938,0.000213623046875
0.0690150260925293,0.0006968975067138672,0.00019860267639160156,0.0002124309539794922
0.07041501998901367,0.0007011890411376953,0.00018167495727539062,0.0002067089080810547
0.06091189384460449,0.0006699562072753906,0.0001773834228515625,0.00020384788513183594
0.06967282295227051,0.0008594989776611328,0.00020456314086914062,0.00022673606872558594
0.07253241539001465,0.0006883144378662109,0.0002925395965576172,0.0003609657287597656
0.06630301475524902,0.0007944107055664062,0.00025391578674316406,0.00034356117248535156
0.06519675254821777,0.0007119178771972656,0.0001964569091796875,0.00020647048950195312
0.0691230297088623,0.0006761550903320312,0.00020003318786621094,0.0002048015594482422
0.06643390655517578,0.0008094310760498047,0.0001704692840576172,0.00019598007202148438
0.06866240501403809,0.0012412071228027344,0.00018143653869628906,0.00020599365234375
0.06098365783691406,0.0009303092956542969,0.00018358230590820312,0.0001895427703857422
0.05387258529663086,0.0006263256072998047,0.000164031982421875,0.00018334388732910156
0.002870798110961914,0.0007619857788085938,0.00021195411682128906,0.00020766258239746094
0.053354740142822266,0.0005826950073242188,0.0001647472381591797,0.00018739700317382812
0.05318808555603027,0.0006489753723144531,0.0001933574676513672,0.00020551681518554688
0.05839180946350098,0.0007271766662597656,0.0002238750457763672,0.00023603439331054688
0.00908517837524414,0.0010385513305664062,0.00019550323486328125,0.000274658203125
0.06476569175720215,0.0006852149963378906,0.00022077560424804688,0.0002048015594482422
0.05350351333618164,0.0006580352783203125,0.00017070770263671875,0.00019240379333496094
0.06264138221740723,0.0006377696990966797,0.00019073486328125,0.00020432472229003906
0.0024247169494628906,0.0007374286651611328,0.00028133392333984375,0.0002841949462890625
0.002381563186645508,0.0009362697601318359,0.00019168853759765625,0.0002155303955078125
0.011764764785766602,0.006752490997314453,0.0002810955047607422,0.0003268718719482422
0.006731510162353516,0.0006220340728759766,0.00020432472229003906,0.00021958351135253906
0.004774570465087891,0.0006959438323974609,0.00020503997802734375,0.0002346038818359375
0.01229095458984375,0.0005784034729003906,0.0002086162567138672,0.00022411346435546875
0.05472230911254883,0.0006222724914550781,0.00018405914306640625,0.0001957416534423828
0.059497833251953125,0.0006983280181884766,0.00016808509826660156,0.00019478797912597656
0.0547177791595459,0.0005867481231689453,0.00016999244689941406,0.00019240379333496094
0.009444952011108398,0.0006129741668701172,0.0003159046173095703,0.0011417865753173828
0.009755373001098633,0.0009264945983886719,0.00021529197692871094,0.00022125244140625
0.005097389221191406,0.0006611347198486328,0.0002028942108154297,0.00023794174194335938
0.0052280426025390625,0.0009567737579345703,0.00029397010803222656,0.0008041858673095703
0.004388570785522461,0.0010366439819335938,0.0002727508544921875,0.00033211708068847656
0.06477689743041992,0.0006291866302490234,0.0001735687255859375,0.0002295970916748047
0.006880760192871094,0.0008037090301513672,0.00020432472229003906,0.00024199485778808594
0.060121774673461914,0.0007171630859375,0.00017452239990234375,0.00020885467529296875
0.06166648864746094,0.0006372928619384766,0.0002353191375732422,0.000209808349609375
0.06391167640686035,0.0008208751678466797,0.00018334388732910156,0.00021958351135253906
0.060341835021972656,0.0005996227264404297,0.00016927719116210938,0.0001971721649169922
0.06421136856079102,0.0007650852203369141,0.0001957416534423828,0.00033593177795410156
0.0717782974243164,0.0006477832794189453,0.0002181529998779297,0.0002009868621826172
0.0046977996826171875,0.0007755756378173828,0.00020837783813476562,0.00019621849060058594
0.0671072006225586,0.0008518695831298828,0.00019431114196777344,0.00019931793212890625
0.06248593330383301,0.0010368824005126953,0.00019359588623046875,0.00019311904907226562
0.06153583526611328,0.0007979869842529297,0.00023674964904785156,0.00021719932556152344
0.08483743667602539,0.0015499591827392578,0.00027251243591308594,0.0003104209899902344
0.06517577171325684,0.0008502006530761719,0.00024080276489257812,0.00022482872009277344
0.06625580787658691,0.0009174346923828125,0.00019502639770507812,0.00020623207092285156
0.06522369384765625,0.0011484622955322266,0.0002808570861816406,0.00024366378784179688
0.07045316696166992,0.0010924339294433594,0.00017499923706054688,0.00036144256591796875
0.06937861442565918,0.0010981559753417969,0.00018262863159179688,0.0002307891845703125
0.0677342414855957,0.0012581348419189453,0.0003116130828857422,0.00020694732666015625
0.07049083709716797,0.0015439987182617188,0.00018072128295898438,0.00020313262939453125
0.07200050354003906,0.001956462860107422,0.00017714500427246094,0.0001938343048095703
0.06693649291992188,0.002101421356201172,0.00020051002502441406,0.00022411346435546875
0.07261514663696289,0.0024924278259277344,0.00021648406982421875,0.00021696090698242188
0.06755566596984863,0.0023186206817626953,0.00018644332885742188,0.00019502639770507812
0.06873798370361328,0.0018453598022460938,0.0003387928009033203,0.0002429485321044922
0.06297469139099121,0.0015418529510498047,0.0001761913299560547,0.00019669532775878906
0.07007026672363281,0.0014524459838867188,0.0001888275146484375,0.0001976490020751953
0.06582260131835938,0.001123189926147461,0.00016236305236816406,0.0002913475036621094
0.06958723068237305,0.0010292530059814453,0.0001804828643798828,0.00019049644470214844
0.0666501522064209,0.0009644031524658203,0.0001652240753173828,0.00019550323486328125
0.059665679931640625,0.0008292198181152344,0.0001690387725830078,0.00018906593322753906
0.06278491020202637,0.0008513927459716797,0.00018310546875,0.00020575523376464844
0.06130194664001465,0.0007922649383544922,0.00016927719116210938,0.00019431114196777344
0.0016818046569824219,0.0006699562072753906,0.0001690387725830078,0.00019311904907226562
0.06564092636108398,0.0008094310760498047,0.0002052783966064453,0.00019788742065429688
0.05738043785095215,0.0007412433624267578,0.00016355514526367188,0.00018906593322753906
0.062386274337768555,0.0007143020629882812,0.00020074844360351562,0.0002079010009765625
0.06778645515441895,0.0008394718170166016,0.0001862049102783203,0.000194549560546875
0.06800317764282227,0.0009822845458984375,0.0001990795135498047,0.00019216537475585938
0.06728982925415039,0.0007719993591308594,0.0001900196075439453,0.00019788742065429688
0.06689596176147461,0.0007464885711669922,0.0002288818359375,0.0001914501190185547
0.07548666000366211,0.0008091926574707031,0.00022268295288085938,0.0001926422119140625
0.06886696815490723,0.0009684562683105469,0.0002033710479736328,0.00019431114196777344
0.07378578186035156,0.0007562637329101562,0.00018072128295898438,0.0002028942108154297
0.07061624526977539,0.0007345676422119141,0.00019121170043945312,0.0002002716064453125
0.06387758255004883,0.0006618499755859375,0.0001862049102783203,0.0001926422119140625
0.05842781066894531,0.0006251335144042969,0.00018477439880371094,0.00034928321838378906
0.06382369995117188,0.0006906986236572266,0.00018906593322753906,0.00020647048950195312
0.06398415565490723,0.0008308887481689453,0.0002086162567138672,0.0002460479736328125
0.06417155265808105,0.0006244182586669922,0.0001952648162841797,0.00018978118896484375
0.06537103652954102,0.0008554458618164062,0.000301361083984375,0.00026154518127441406
0.06369686126708984,0.0007927417755126953,0.00018858909606933594,0.00019311904907226562
0.06976675987243652,0.0007967948913574219,0.0003123283386230469,0.0003821849822998047
0.06645441055297852,0.0006875991821289062,0.0001876354217529297,0.0002129077911376953
0.06502866744995117,0.0006814002990722656,0.00018668174743652344,0.00021886825561523438
0.059752702713012695,0.0006673336029052734,0.00020384788513183594,0.00019168853759765625
0.0652315616607666,0.0007011890411376953,0.00019621849060058594,0.00023031234741210938
0.061707258224487305,0.0006246566772460938,0.00031685829162597656,0.00019550323486328125
0.06486988067626953,0.000637054443359375,0.0001876354217529297,0.0001926422119140625
0.06453061103820801,0.0006537437438964844,0.00018596649169921875,0.00019240379333496094
0.06647253036499023,0.0006434917449951172,0.00018978118896484375,0.0002105236053466797
0.0630190372467041,0.0007584095001220703,0.00019049644470214844,0.00019478797912597656
0.06774377822875977,0.0008134841918945312,0.00019073486328125,0.00019216537475585938
0.07233119010925293,0.0007092952728271484,0.00018858909606933594,0.00019860267639160156
0.06680464744567871,0.0007495880126953125,0.00021600723266601562,0.00020766258239746094
0.06815958023071289,0.0006411075592041016,0.00018453598022460938,0.0001919269561767578
0.06829500198364258,0.0006477832794189453,0.00018644332885742188,0.00019431114196777344
0.0681769847869873,0.0006849765777587891,0.00019288063049316406,0.00021123886108398438
0.06702828407287598,0.000682830810546875,0.00019884109497070312,0.0002129077911376953
0.0019385814666748047,0.0007405281066894531,0.0001919269561767578,0.0002486705780029297
0.004725933074951172,0.0007262229919433594,0.00020623207092285156,0.00021076202392578125
0.0026514530181884766,0.0015223026275634766,0.00029778480529785156,0.0005576610565185547
0.0030646324157714844,0.0006644725799560547,0.00019979476928710938,0.00020885467529296875
0.002566099166870117,0.0013713836669921875,0.00028824806213378906,0.0002970695495605469
0.001863718032836914,0.0013799667358398438,0.0019440650939941406,0.00022602081298828125
0.0038709640502929688,0.0007185935974121094,0.0002067089080810547,0.00021529197692871094
0.08230042457580566,0.0007779598236083984,0.0002110004425048828,0.00020051002502441406
0.07831478118896484,0.0006961822509765625,0.0001881122589111328,0.00019693374633789062
0.002606630325317383,0.0008404254913330078,0.00042629241943359375,0.0003075599670410156
0.07381343841552734,0.0006556510925292969,0.00018787384033203125,0.0002307891845703125
0.06891560554504395,0.0008649826049804688,0.00020456314086914062,0.00018978118896484375
0.07064676284790039,0.0006396770477294922,0.0001785755157470703,0.0002067089080810547
0.06852030754089355,0.0007071495056152344,0.00019121170043945312,0.00018906593322753906
0.07458853721618652,0.0007078647613525391,0.0002262592315673828,0.00019693374633789062
0.003448963165283203,0.0008308887481689453,0.0003108978271484375,0.0002884864807128906
0.06755185127258301,0.0007381439208984375,0.00020265579223632812,0.00019288063049316406
0.06421089172363281,0.0006773471832275391,0.00018739700317382812,0.00019359588623046875
0.06452059745788574,0.0008382797241210938,0.00020313262939453125,0.00020003318786621094
0.06101226806640625,0.00066375732421875,0.0001938343048095703,0.00019598007202148438
0.06509208679199219,0.0008096694946289062,0.0002162456512451172,0.00022411346435546875
0.07651019096374512,0.0007669925689697266,0.00019931793212890625,0.00020003318786621094
0.06504940986633301,0.0006885528564453125,0.0002982616424560547,0.00035309791564941406
0.06588292121887207,0.0006787776947021484,0.00019073486328125,0.0002532005310058594
0.06636548042297363,0.0006351470947265625,0.0001914501190185547,0.00019073486328125
0.07149887084960938,0.0007302761077880859,0.00020051002502441406,0.0003306865692138672
0.0678255558013916,0.0006842613220214844,0.00018858909606933594,0.00019621849060058594
0.0715630054473877,0.0006415843963623047,0.0001850128173828125,0.00031828880310058594
0.06772208213806152,0.0008385181427001953,0.00019812583923339844,0.00019550323486328125
0.0705265998840332,0.0006887912750244141,0.0001983642578125,0.00020170211791992188
0.07006549835205078,0.0006704330444335938,0.0002009868621826172,0.00020575523376464844
0.06970548629760742,0.0008301734924316406,0.00020360946655273438,0.00020956993103027344
0.07080650329589844,0.0007927417755126953,0.00019168853759765625,0.0001964569091796875
0.0019118785858154297,0.0005924701690673828,0.0001995563507080078,0.0002143383026123047
0.002128124237060547,0.0005550384521484375,0.00039386749267578125,0.00024127960205078125
0.0026721954345703125,0.0006411075592041016,0.0002028942108154297,0.000209808349609375
0.0032291412353515625,0.0028891563415527344,0.00021314620971679688,0.00021195411682128906
0.001611948013305664,0.0021076202392578125,0.0002636909484863281,0.00024175643920898438
0.0014226436614990234,0.0004813671112060547,0.0002357959747314453,0.00019669532775878906
0.0013725757598876953,0.0004794597625732422,0.001188039779663086,0.0003287792205810547
0.0031175613403320312,0.0004985332489013672,0.0002009868621826172,0.00022268295288085938
0.001771688461303711,0.0008935928344726562,0.00020766258239746094,0.00020766258239746094
0.006297588348388672,0.0006611347198486328,0.0002048015594482422,0.00020766258239746094
0.06683850288391113,0.0006449222564697266,0.0003151893615722656,0.00019884109497070312
0.06461739540100098,0.0005977153778076172,0.00018787384033203125,0.0001919269561767578
0.06620049476623535,0.0005848407745361328,0.00019407272338867188,0.0004696846008300781
0.06023979187011719,0.0006840229034423828,0.0002732276916503906,0.0005593299865722656
0.0686349868774414,0.0007963180541992188,0.0003352165222167969,0.0005319118499755859
0.06482672691345215,0.0006139278411865234,0.0002224445343017578,0.00031948089599609375
0.0015769004821777344,0.0006468296051025391,0.0002079010009765625,0.00018930435180664062
0.1485302448272705,0.0007483959197998047,0.00016999244689941406,0.0003979206085205078
0.0014688968658447266,0.0006632804870605469,0.00020742416381835938,0.0004649162292480469
0.06630825996398926,0.0006387233734130859,0.0003180503845214844,0.0001957416534423828
0.0070667266845703125,0.0010383129119873047,0.00022149085998535156,0.00023555755615234375
0.0018165111541748047,0.0005843639373779297,0.000415802001953125,0.00024247169494628906
0.006784677505493164,0.0007305145263671875,0.00021147727966308594,0.000194549560546875
0.005433559417724609,0.0006113052368164062,0.0001914501190185547,0.0001952648162841797
0.0017573833465576172,0.0007529258728027344,0.0003027915954589844,0.0002353191375732422
0.005946159362792969,0.0005896091461181641,0.0001876354217529297,0.00019049644470214844
0.003961324691772461,0.0006930828094482422,0.00037789344787597656,0.00021266937255859375
0.0054476261138916016,0.0010223388671875,0.0003077983856201172,0.0003180503845214844
0.004379987716674805,0.0006070137023925781,0.0002079010009765625,0.00021982192993164062
0.003441333770751953,0.0038025379180908203,0.0005152225494384766,0.00022459030151367188
0.005505561828613281,0.0005741119384765625,0.00019884109497070312,0.0001919269561767578
0.06213068962097168,0.0007731914520263672,0.00020074844360351562,0.0001983642578125
0.003849029541015625,0.0006906986236572266,0.00026226043701171875,0.0002982616424560547
0.0031256675720214844,0.0005197525024414062,0.0001900196075439453,0.0001964569091796875
0.00654149055480957,0.0010788440704345703,0.0001952648162841797,0.0001914501190185547
0.2379004955291748,0.001155853271484375,0.0002722740173339844,0.0004000663757324219
0.13847637176513672,0.0008783340454101562,0.00020575523376464844,0.00019550323486328125
0.059641122817993164,0.0006706714630126953,0.00018596649169921875,0.00018787384033203125
0.05539298057556152,0.0006632804870605469,0.00018334388732910156,0.0001838207244873047
0.008783817291259766,0.0006916522979736328,0.0002090930938720703,0.00019168853759765625
0.05882072448730469,0.0006468296051025391,0.00019073486328125,0.00019598007202148438
0.0038671493530273438,0.000713348388671875,0.0001995563507080078,0.0001933574676513672
0.003929615020751953,0.0008943080902099609,0.00023698806762695312,0.0002238750457763672
0.004266262054443359,0.0008087158203125,0.0003254413604736328,0.0003883838653564453
0.004873037338256836,0.0008795261383056641,0.0003204345703125,0.0003578662872314453
0.0041272640228271484,0.0007035732269287109,0.00021004676818847656,0.0002086162567138672
0.004509449005126953,0.0008275508880615234,0.0002167224884033203,0.00021314620971679688
0.059607505798339844,0.0006737709045410156,0.00019621849060058594,0.0002028942108154297
0.0038640499114990234,0.0010480880737304688,0.00032711029052734375,0.00034618377685546875
0.0029888153076171875,0.0011112689971923828,0.00023126602172851562,0.0002856254577636719
0.06207394599914551,0.0007114410400390625,0.00019311904907226562,0.0001976490020751953
0.06006121635437012,0.0006480216979980469,0.00021147727966308594,0.0001919269561767578
0.005349636077880859,0.0009474754333496094,0.0002903938293457031,0.0002989768981933594
0.005730867385864258,0.0007064342498779297,0.00026607513427734375,0.0003910064697265625
0.0038864612579345703,0.0006432533264160156,0.0002090930938720703,0.00021719932556152344
0.06901383399963379,0.0007157325744628906,0.00021195411682128906,0.000213623046875
0.0046651363372802734,0.0009815692901611328,0.00027489662170410156,0.0003154277801513672
0.005228519439697266,0.0007855892181396484,0.0003693103790283203,0.0004000663757324219
0.003461599349975586,0.0005967617034912109,0.00023126602172851562,0.00025010108947753906
0.0052487850189208984,0.001375436782836914,0.00031757354736328125,0.00028634071350097656
0.005425691604614258,0.0007035732269287109,0.00022745132446289062,0.00024127960205078125
0.005563497543334961,0.0007491111755371094,0.0002391338348388672,0.0002434253692626953
0.004912853240966797,0.0006127357482910156,0.00018215179443359375,0.00022411346435546875
0.004060268402099609,0.0007963180541992188,0.00023055076599121094,0.000225067138671875
0.007361173629760742,0.0009152889251708984,0.00019931793212890625,0.0002071857452392578
0.006908416748046875,0.0008962154388427734,0.00027561187744140625,0.0003509521484375
0.0030503273010253906,0.0005726814270019531,0.000217437744140625,0.00019216537475585938
0.004026174545288086,0.0008018016815185547,0.0003001689910888672,0.0003097057342529297
0.00403285026550293,0.0006880760192871094,0.0002048015594482422,0.0002040863037109375
0.0038230419158935547,0.0005993843078613281,0.00036406517028808594,0.00021958351135253906
0.004166603088378906,0.0005998611450195312,0.0002129077911376953,0.00022220611572265625
0.0048046112060546875,0.0006630420684814453,0.0002033710479736328,0.00019478797912597656
0.0038013458251953125,0.0009186267852783203,0.00020885467529296875,0.00032210350036621094
0.004056215286254883,0.0010797977447509766,0.0002658367156982422,0.0002982616424560547
0.005616664886474609,0.0006694793701171875,0.00017762184143066406,0.0001914501190185547
0.0062978267669677734,0.001056671142578125,0.00019407272338867188,0.0002048015594482422
0.003645181655883789,0.0007312297821044922,0.00032210350036621094,0.00030732154846191406
0.0037093162536621094,0.0009200572967529297,0.0003228187561035156,0.0005464553833007812
0.002991199493408203,0.0006191730499267578,0.00019502639770507812,0.0002529621124267578
0.004825592041015625,0.0009987354278564453,0.00027680397033691406,0.00028324127197265625
0.0035135746002197266,0.0007958412170410156,0.00022864341735839844,0.00021600723266601562
0.004834175109863281,0.0006883144378662109,0.0003304481506347656,0.0002231597900390625
0.004171609878540039,0.0007843971252441406,0.0001938343048095703,0.00019431114196777344
0.0036389827728271484,0.0007994174957275391,0.0002155303955078125,0.0001933574676513672
0.00353240966796875,0.0007529258728027344,0.00023102760314941406,0.0003044605255126953
0.004128217697143555,0.0009009838104248047,0.0002613067626953125,0.0002980232238769531
0.0600583553314209,0.0007567405700683594,0.00019979476928710938,0.00022912025451660156
0.07507681846618652,0.0009028911590576172,0.000186920166015625,0.00020122528076171875
0.0024259090423583984,0.0008578300476074219,0.00030612945556640625,0.00027370452880859375
0.002882242202758789,0.0006082057952880859,0.00023484230041503906,0.00021004676818847656
0.004403829574584961,0.0007984638214111328,0.00030231475830078125,0.0003685951232910156
0.004206180572509766,0.0008618831634521484,0.00036215782165527344,0.0003495216369628906
0.003553628921508789,0.0005748271942138672,0.00019860267639160156,0.000209808349609375
0.003475666046142578,0.0008380413055419922,0.00039696693420410156,0.00031185150146484375
0.0035343170166015625,0.000629425048828125,0.0002830028533935547,0.0003991127014160156
0.003958225250244141,0.0007855892181396484,0.0002677440643310547,0.0003008842468261719
0.005064725875854492,0.0006999969482421875,0.0002105236053466797,0.00023508071899414062
0.00628352165222168,0.0008978843688964844,0.0002510547637939453,0.00024509429931640625
0.06879329681396484,0.0011272430419921875,0.00020694732666015625,0.00021028518676757812
0.004438638687133789,0.0009005069732666016,0.0002512931823730469,0.00027632713317871094
0.005106925964355469,0.0009164810180664062,0.0002663135528564453,0.00022745132446289062
0.004907131195068359,0.001065969467163086,0.00027942657470703125,0.00032782554626464844
0.003991842269897461,0.0009324550628662109,0.0002627372741699219,0.00033545494079589844
0.011735916137695312,0.0006923675537109375,0.00017642974853515625,0.0002944469451904297
0.004162311553955078,0.0006930828094482422,0.00024962425231933594,0.0002543926239013672
0.002815723419189453,0.0009613037109375,0.00019478797912597656,0.0002079010009765625
0.0032901763916015625,0.0009448528289794922,0.0002994537353515625,0.0003037452697753906
0.062003374099731445,0.0008149147033691406,0.0003020763397216797,0.0003638267517089844
0.060433387756347656,0.000736236572265625,0.000194549560546875,0.00019407272338867188
0.002129793167114258,0.0007364749908447266,0.0002624988555908203,0.00030732154846191406
0.0033245086669921875,0.0016255378723144531,0.0005421638488769531,0.00024056434631347656
0.0030508041381835938,0.0007877349853515625,0.0003390312194824219,0.0005290508270263672
0.003183603286743164,0.001026153564453125,0.0002300739288330078,0.00023865699768066406
0.0025408267974853516,0.0007669925689697266,0.00025391578674316406,0.0004966259002685547
0.004268169403076172,0.000858306884765625,0.00019311904907226562,0.00022339820861816406
0.003202676773071289,0.0010232925415039062,0.0002269744873046875,0.00020837783813476562
0.0032355785369873047,0.0007240772247314453,0.00017833709716796875,0.00021791458129882812
0.0039675235748291016,0.000759124755859375,0.0002052783966064453,0.00021266937255859375
0.0710916519165039,0.0008397102355957031,0.00019359588623046875,0.00020360946655273438
0.06655406951904297,0.0007538795471191406,0.0001671314239501953,0.00018668174743652344
0.06039905548095703,0.0007052421569824219,0.00016808509826660156,0.0001857280731201172
0.05916905403137207,0.0006833076477050781,0.00016450881958007812,0.00018739700317382812
0.002596616744995117,0.0009768009185791016,0.0001862049102783203,0.00020456314086914062
0.002553224563598633,0.0007274150848388672,0.00018215179443359375,0.0002028942108154297
0.0022745132446289062,0.0006201267242431641,0.00023865699768066406,0.00026607513427734375
0.06398844718933105,0.0007150173187255859,0.00017714500427246094,0.0001952648162841797
0.0017666816711425781,0.0010058879852294922,0.00047516822814941406,0.00022745132446289062
0.0034732818603515625,0.0007774829864501953,0.0001971721649169922,0.00019860267639160156
0.0027818679809570312,0.0008218288421630859,0.0002574920654296875,0.000316619873046875
0.002038240432739258,0.0007114410400390625,0.00018930435180664062,0.00021076202392578125
0.0016663074493408203,0.000614166259765625,0.00020265579223632812,0.00019049644470214844
0.0018320083618164062,0.0007562637329101562,0.00031185150146484375,0.0005602836608886719
0.0014853477478027344,0.0007750988006591797,0.00026416778564453125,0.0003814697265625
0.0018837451934814453,0.0006010532379150391,0.0002315044403076172,0.0005528926849365234
0.0017426013946533203,0.0007643699645996094,0.00018548965454101562,0.0002186298370361328
0.0030541419982910156,0.0008902549743652344,0.00020194053649902344,0.0002002716064453125
0.0029172897338867188,0.001176595687866211,0.00020265579223632812,0.00022792816162109375
0.0032341480255126953,0.000957489013671875,0.0002856254577636719,0.0004093647003173828
0.0030655860900878906,0.000885009765625,0.0001804828643798828,0.00019812583923339844
0.0026650428771972656,0.0008184909820556641,0.00030493736267089844,0.0003018379211425781
0.0017364025115966797,0.0013966560363769531,0.000217437744140625,0.0002503395080566406
0.0015730857849121094,0.0005624294281005859,0.0002257823944091797,0.0002300739288330078
0.0024034976959228516,0.0007429122924804688,0.00017499923706054688,0.0002028942108154297
0.0038869380950927734,0.0007603168487548828,0.0001976490020751953,0.00024080276489257812
0.0018205642700195312,0.0007197856903076172,0.00018358230590820312,0.00020384788513183594
0.26668357849121094,0,0,0
0.27106523513793945,0,0,0
0.04515337944030762,0.000820159912109375,0.00025725364685058594,0.0002777576446533203
0.0017840862274169922,0.0008559226989746094,0.00024628639221191406,0.00034356117248535156
0.0018124580383300781,0.0005693435668945312,0.00023555755615234375,0.0001957416534423828
0.0017781257629394531,0.0007660388946533203,0.00027680397033691406,0.0002446174621582031
0.002779245376586914,0.0007939338684082031,0.0004341602325439453,0.0003266334533691406
0.0021321773529052734,0.0008158683776855469,0.00035190582275390625,0.00047326087951660156
0.0020651817321777344,0.0010638236999511719,0.0004172325134277344,0.0006301403045654297
0.0015344619750976562,0.0005338191986083984,0.00020456314086914062,0.0005409717559814453
0.007293701171875,0.0007252693176269531,0.00023555755615234375,0.0002129077911376953
0.0030939579010009766,0.0009860992431640625,0.00031375885009765625,0.00035262107849121094
0.05571913719177246,0.0006895065307617188,0.0001747608184814453,0.0001964569091796875
0.0021309852600097656,0.0007784366607666016,0.0002727508544921875,0.00033545494079589844
0.0022492408752441406,0.0007779598236083984,0.0002791881561279297,0.0002460479736328125
0.0026111602783203125,0.0007870197296142578,0.0002791881561279297,0.0003032684326171875
0.0025033950805664062,0.0008296966552734375,0.0002949237823486328,0.00037550926208496094
0.0016040802001953125,0.0006296634674072266,0.0002124309539794922,0.00020694732666015625
0.001962900161743164,0.0011043548583984375,0.0002970695495605469,0.00033473968505859375
0.0019538402557373047,0.0005943775177001953,0.0001983642578125,0.00020003318786621094
0.002905607223510742,0.0011303424835205078,0.0002503395080566406,0.000247955322265625
0.002520322799682617,0.001168966293334961,0.00030303001403808594,0.0003445148468017578
0.00334930419921875,0.0013802051544189453,0.0002951622009277344,0.0003554821014404297
0.0017070770263671875,0.0008003711700439453,0.0001971721649169922,0.0002713203430175781
0.0016796588897705078,0.0005676746368408203,0.00020694732666015625,0.00021219253540039062
0.0020041465759277344,0.0008521080017089844,0.00029850006103515625,0.00036025047302246094
0.0018105506896972656,0.0005631446838378906,0.0003514289855957031,0.0005555152893066406
0.0019998550415039062,0.0007350444793701172,0.00021219253540039062,0.00031566619873046875
0.07398128509521484,0.0007805824279785156,0.00018715858459472656,0.0002429485321044922
0.07505536079406738,0.0007066726684570312,0.0002040863037109375,0.00030803680419921875
0.07360386848449707,0.0008196830749511719,0.00017261505126953125,0.0001926422119140625
0.0019004344940185547,0.0009894371032714844,0.0002830028533935547,0.00022792816162109375
0.001804351806640625,0.0007352828979492188,0.00020551681518554688,0.00029540061950683594
0.0022318363189697266,0.0009300708770751953,0.00027060508728027344,0.0004630088806152344
0.0017113685607910156,0.0005476474761962891,0.00018715858459472656,0.00022029876708984375
0.002839803695678711,0.0007205009460449219,0.00019979476928710938,0.00022363662719726562
0.0021333694458007812,0.0005652904510498047,0.00019168853759765625,0.0002009868621826172
0.0024521350860595703,0.0006570816040039062,0.0004923343658447266,0.00034117698669433594
0.0020728111267089844,0.0014536380767822266,0.00020456314086914062,0.00021958351135253906
0.0015044212341308594,0.0008790493011474609,0.00024628639221191406,0.0004870891571044922
0.0022661685943603516,0.001323699951171875,0.00026917457580566406,0.00029349327087402344
0.0018427371978759766,0.0010912418365478516,0.00021886825561523438,0.00022220611572265625
0.002735614776611328,0.0006856918334960938,0.00019288063049316406,0.0002231597900390625
0.0017175674438476562,0.0008425712585449219,0.00027871131896972656,0.0002484321594238281
0.0014913082122802734,0.0006246566772460938,0.00025653839111328125,0.0005230903625488281
0.002093076705932617,0.000614166259765625,0.0001862049102783203,0.00022077560424804688
0.0026323795318603516,0.0006721019744873047,0.00019788742065429688,0.00021886825561523438
0.0026564598083496094,0.0005691051483154297,0.0002052783966064453,0.0002338886260986328
0.0020575523376464844,0.0006494522094726562,0.0002987384796142578,0.00032520294189453125
0.0026557445526123047,0.0006737709045410156,0.0001926422119140625,0.00020837783813476562
0.002372264862060547,0.0006003379821777344,0.0002117156982421875,0.000247955322265625
0.0017495155334472656,0.0005936622619628906,0.00019741058349609375,0.00022864341735839844
0.0016772747039794922,0.0006098747253417969,0.00022268295288085938,0.00025963783264160156
0.0013544559478759766,0.0005257129669189453,0.00019168853759765625,0.0002684593200683594
0.0028374195098876953,0.0008807182312011719,0.00020623207092285156,0.00021791458129882812
0.0021142959594726562,0.0006906986236572266,0.0002009868621826172,0.00022745132446289062
0.0017795562744140625,0.0006029605865478516,0.00019621849060058594,0.0002186298370361328
0.001638174057006836,0.0005536079406738281,0.0002722740173339844,0.0002205371856689453
0.0017969608306884766,0.0006961822509765625,0.0002846717834472656,0.00033664703369140625
0.0018756389617919922,0.0007865428924560547,0.0002319812774658203,0.00032210350036621094
0.001758575439453125,0.0005924701690673828,0.0002040863037109375,0.00041985511779785156
0.001500844955444336,0.0005776882171630859,0.00018858909606933594,0.0002162456512451172
0.003691434860229492,0.0006551742553710938,0.0003261566162109375,0.00022673606872558594
0.00243377685546875,0.0006594657897949219,0.00024819374084472656,0.00029158592224121094
0.002082347869873047,0.0010821819305419922,0.00029850006103515625,0.0003204345703125
0.305919885635376,0,0,0
0.1694650650024414,0.0007779598236083984,0.00017023086547851562,0.00019431114196777344
0.0018782615661621094,0.0005326271057128906,0.0001900196075439453,0.00021982192993164062
0.2979617118835449,0,0,0
0.2839360237121582,0,0,0
0.06752967834472656,0.0006804466247558594,0.0002155303955078125,0.00022077560424804688
0.0018358230590820312,0.0005993843078613281,0.00021147727966308594,0.00022935867309570312
0.0026993751525878906,0.0006384849548339844,0.0005214214324951172,0.0004801750183105469
0.0016291141510009766,0.0006003379821777344,0.0002608299255371094,0.00023365020751953125
0.0026993751525878906,0.0008685588836669922,0.0002777576446533203,0.0003390312194824219
0.0019116401672363281,0.0007083415985107422,0.0002765655517578125,0.00029206275939941406
0.0019211769104003906,0.0009100437164306641,0.0003070831298828125,0.00029730796813964844
0.0018351078033447266,0.0007557868957519531,0.00028252601623535156,0.000301361083984375
0.004129171371459961,0.0007374286651611328,0.0002105236053466797,0.0002377033233642578
0.003271818161010742,0.0009624958038330078,0.0002532005310058594,0.00029659271240234375
0.0017867088317871094,0.0005605220794677734,0.0001838207244873047,0.0002429485321044922
0.0022623538970947266,0.0005881786346435547,0.00018477439880371094,0.0003714561462402344
0.001628875732421875,0.0005826950073242188,0.00019097328186035156,0.0002090930938720703
0.0019168853759765625,0.0005850791931152344,0.00017452239990234375,0.00020623207092285156
0.0022983551025390625,0.0010042190551757812,0.00032448768615722656,0.0004451274871826172
0.003293752670288086,0.0009944438934326172,0.00032067298889160156,0.0003612041473388672
0.002167224884033203,0.001173257827758789,0.0003082752227783203,0.0003161430358886719
0.0030481815338134766,0.0006968975067138672,0.0002663135528564453,0.0006098747253417969
0.003036975860595703,0.0008370876312255859,0.00021696090698242188,0.0002415180206298828
0.05348610877990723,0.0008103847503662109,0.00023794174194335938,0.0002791881561279297
0.06053781509399414,0.0009479522705078125,0.00018453598022460938,0.00020456314086914062
0.04901242256164551,0.0006513595581054688,0.00018835067749023438,0.0002117156982421875
0.0021708011627197266,0.0006804466247558594,0.00020194053649902344,0.0002484321594238281
0.15345168113708496,0.0007903575897216797,0.0001785755157470703,0.00033855438232421875
0.29391980171203613,0,0,0
0.2006087303161621,0.0011773109436035156,0.0001728534698486328,0.00019121170043945312
0.2935497760772705,0,0,0
0.001692056655883789,0.0007524490356445312,0.00021004676818847656,0.0002467632293701172
0.0027818679809570312,0.0006310939788818359,0.00020241737365722656,0.0002970695495605469
0.0015065670013427734,0.0005168914794921875,0.00020265579223632812,0.00019288063049316406
0.0014650821685791016,0.00054931640625,0.0003619194030761719,0.00030040740966796875
0.0039081573486328125,0.0006353855133056641,0.0001842975616455078,0.00020694732666015625
0.0703728199005127,0.0009515285491943359,0.00020265579223632812,0.00021386146545410156
0.05591583251953125,0.0006344318389892578,0.0001728534698486328,0.00018930435180664062
0.06435656547546387,0.0006849765777587891,0.0002720355987548828,0.00019097328186035156
0.06098747253417969,0.0006906986236572266,0.00018072128295898438,0.00021791458129882812
0.0017178058624267578,0.0008575916290283203,0.0004787445068359375,0.0002968311309814453
0.003974437713623047,0.0009708404541015625,0.0004608631134033203,0.00032138824462890625
0.07783675193786621,0.0006768703460693359,0.00018167495727539062,0.0001895427703857422
0.06844282150268555,0.0006544589996337891,0.00019049644470214844,0.0001862049102783203
0.002285003662109375,0.0005853176116943359,0.00022673606872558594,0.00028896331787109375
0.0031843185424804688,0.0005788803100585938,0.00020241737365722656,0.0001964569091796875
0.0017457008361816406,0.0005822181701660156,0.0004093647003173828,0.0002765655517578125
0.0017364025115966797,0.0007429122924804688,0.0003986358642578125,0.00023055076599121094
0.010977506637573242,0.0007107257843017578,0.00019216537475585938,0.0002048015594482422
0.0018367767333984375,0.0007033348083496094,0.00027632713317871094,0.00025653839111328125
0.0023469924926757812,0.0007505416870117188,0.00039386749267578125,0.0002338886260986328
0.0019588470458984375,0.0007412433624267578,0.0002238750457763672,0.0002205371856689453
0.0029654502868652344,0.0007829666137695312,0.0002541542053222656,0.00020194053649902344
0.0030243396759033203,0.0011866092681884766,0.00029468536376953125,0.0003390312194824219
0.003693103790283203,0.0010249614715576172,0.0004177093505859375,0.00021195411682128906
0.0031037330627441406,0.0009107589721679688,0.0002536773681640625,0.0002734661102294922
0.008483409881591797,0.0007188320159912109,0.00019025802612304688,0.00019049644470214844
0.0032982826232910156,0.0006897449493408203,0.00020551681518554688,0.00020503997802734375
0.005215167999267578,0.0006709098815917969,0.00018978118896484375,0.00040030479431152344
0.060014963150024414,0.0007691383361816406,0.0001666545867919922,0.00018596649169921875
0.06222271919250488,0.0008981227874755859,0.00017881393432617188,0.00018858909606933594
0.05913209915161133,0.00080108642578125,0.0001842975616455078,0.0002932548522949219
0.062351226806640625,0.0009772777557373047,0.00018072128295898438,0.00022983551025390625
0.06316852569580078,0.0007243156433105469,0.0001659393310546875,0.00018715858459472656
0.0036630630493164062,0.0010521411895751953,0.00030493736267089844,0.000308990478515625
0.002562284469604492,0.0008542537689208984,0.00027251243591308594,0.00028133392333984375
0.002338886260986328,0.0007770061492919922,0.00029349327087402344,0.000316619873046875
0.002999544143676758,0.0009121894836425781,0.0003237724304199219,0.00032258033752441406
0.002596616744995117,0.000705718994140625,0.0002617835998535156,0.0001926422119140625
0.002025604248046875,0.0008809566497802734,0.00017833709716796875,0.0002510547637939453
0.0016543865203857422,0.0005888938903808594,0.0002357959747314453,0.00021338462829589844
0.0017769336700439453,0.0007638931274414062,0.00019812583923339844,0.00020456314086914062
0.0046923160552978516,0.0010509490966796875,0.00024366378784179688,0.0001957416534423828
0.0020418167114257812,0.0008113384246826172,0.00028514862060546875,0.0003314018249511719
0.0019092559814453125,0.0010001659393310547,0.0003306865692138672,0.00031065940856933594
0.00623631477355957,0.0007834434509277344,0.0002205371856689453,0.0002148151397705078
0.0022513866424560547,0.0010890960693359375,0.0003485679626464844,0.00030732154846191406
0.002201080322265625,0.0008440017700195312,0.00029397010803222656,0.0002987384796142578
0.0025992393493652344,0.0006256103515625,0.00037980079650878906,0.0001990795135498047
0.0034973621368408203,0.0010166168212890625,0.0003840923309326172,0.00031876564025878906
0.004133462905883789,0.0013930797576904297,0.0003063678741455078,0.0003345012664794922
0.005797147750854492,0.0014789104461669922,0.0002808570861816406,0.0003192424774169922
0.003869771957397461,0.0010263919830322266,0.00031828880310058594,0.0002987384796142578
0.003636598587036133,0.0006721019744873047,0.0001914501190185547,0.00019288063049316406
0.003918647766113281,0.0007188320159912109,0.00022983551025390625,0.0002071857452392578
0.005255937576293945,0.0008902549743652344,0.0003857612609863281,0.00021886825561523438
0.0031423568725585938,0.0006206035614013672,0.00022125244140625,0.00024199485778808594
0.003049135208129883,0.0007009506225585938,0.0003228187561035156,0.0005240440368652344
0.002597808837890625,0.0007998943328857422,0.0003037452697753906,0.00033664703369140625
0.005118608474731445,0.0010082721710205078,0.0002181529998779297,0.00021839141845703125
0.005142927169799805,0.0009558200836181641,0.00045037269592285156,0.00025177001953125
0.0029327869415283203,0.0007836818695068359,0.0002143383026123047,0.00020623207092285156
0.002979278564453125,0.0006566047668457031,0.00028324127197265625,0.0002231597900390625
0.002939462661743164,0.0006189346313476562,0.00020623207092285156,0.0005152225494384766
0.004337310791015625,0.0005390644073486328,0.0002970695495605469,0.00019741058349609375
0.002394437789916992,0.0008258819580078125,0.0002925395965576172,0.00025391578674316406
0.0024662017822265625,0.0009655952453613281,0.0003809928894042969,0.0003452301025390625
0.003946542739868164,0.0008378028869628906,0.00020503997802734375,0.00021004676818847656
0.002498149871826172,0.0009243488311767578,0.0002970695495605469,0.0004889965057373047
0.003417491912841797,0.0009982585906982422,0.0003476142883300781,0.00034236907958984375
0.005171537399291992,0.0008127689361572266,0.0002567768096923828,0.00024509429931640625
0.06498980522155762,0.0006561279296875,0.0001919269561767578,0.0002269744873046875
0.06952357292175293,0.0009410381317138672,0.0003256797790527344,0.0002760887145996094
0.06743764877319336,0.0007672309875488281,0.0001857280731201172,0.00019025802612304688
0.0656898021697998,0.0008444786071777344,0.0001995563507080078,0.00020384788513183594
0.005768537521362305,0.0007328987121582031,0.00020885467529296875,0.0002589225769042969
0.0036468505859375,0.0008978843688964844,0.0003733634948730469,0.000316619873046875
0.05747222900390625,0.0006854534149169922,0.00020194053649902344,0.00020575523376464844
0.05362558364868164,0.0006487369537353516,0.0001857280731201172,0.00019550323486328125
0.052085161209106445,0.0007221698760986328,0.00019288063049316406,0.0001983642578125
0.004309177398681641,0.0006835460662841797,0.00020623207092285156,0.0002219676971435547
0.004812717437744141,0.0009133815765380859,0.0002086162567138672,0.00021791458129882812
0.004300832748413086,0.0017430782318115234,0.0003790855407714844,0.0003657341003417969
0.003106355667114258,0.0005941390991210938,0.00042629241943359375,0.00022554397583007812
0.004441261291503906,0.0010099411010742188,0.00021004676818847656,0.00022149085998535156
0.005030155181884766,0.0007882118225097656,0.0003745555877685547,0.00042891502380371094
0.0068929195404052734,0.0008645057678222656,0.00021338462829589844,0.0003943443298339844
0.06650924682617188,0.0008137226104736328,0.0001895427703857422,0.00019121170043945312
0.006097078323364258,0.0008809566497802734,0.00021910667419433594,0.00022459030151367188
0.005447864532470703,0.0006949901580810547,0.000209808349609375,0.000461578369140625
0.007031440734863281,0.0009593963623046875,0.0003209114074707031,0.0004513263702392578
0.00520777702331543,0.0010058879852294922,0.0002570152282714844,0.0002429485321044922
0.007847070693969727,0.0011644363403320312,0.00032591819763183594,0.0003256797790527344
0.01014089584350586,0.0011744499206542969,0.0002295970916748047,0.00026416778564453125
0.008216142654418945,0.0009942054748535156,0.0002040863037109375,0.00020432472229003906
0.008266448974609375,0.0012936592102050781,0.00039696693420410156,0.0005638599395751953
0.0077075958251953125,0.0011243820190429688,0.0002219676971435547,0.00022149085998535156
0.2836434841156006,0,0,0
0.27306485176086426,0,0,0
0.2531392574310303,0,0,0
0.008799314498901367,0.0010786056518554688,0.0001761913299560547,0.00019073486328125
0.0051043033599853516,0.0008668899536132812,0.00021219253540039062,0.00027823448181152344
0.004366159439086914,0.0006852149963378906,0.00035643577575683594,0.0002448558807373047
0.004954338073730469,0.0006132125854492188,0.0001838207244873047,0.0002067089080810547
0.00432586669921875,0.0007281303405761719,0.00019669532775878906,0.00021338462829589844
0.003061532974243164,0.0010373592376708984,0.0002498626708984375,0.00028896331787109375
0.00713658332824707,0.0008482933044433594,0.0005795955657958984,0.00034236907958984375
0.004303932189941406,0.0008788108825683594,0.0002014636993408203,0.0003070831298828125
0.005372285842895508,0.0008146762847900391,0.0003380775451660156,0.0004572868347167969
0.009938716888427734,0.0012989044189453125,0.00027942657470703125,0.00028705596923828125
0.004006624221801758,0.0006957054138183594,0.00018739700317382812,0.00018930435180664062
0.0046939849853515625,0.001093149185180664,0.0003094673156738281,0.00034880638122558594
0.004060029983520508,0.000993490219116211,0.0003380775451660156,0.0003616809844970703
0.002599954605102539,0.0006034374237060547,0.00017452239990234375,0.00019478797912597656
0.005506038665771484,0.0008299350738525391,0.000293731689453125,0.0002956390380859375
0.004894733428955078,0.0008578300476074219,0.00031113624572753906,0.0002391338348388672
0.005725860595703125,0.0009655952453613281,0.0002846717834472656,0.0005643367767333984
0.0034966468811035156,0.0009131431579589844,0.00030541419982910156,0.0002887248992919922
0.003667116165161133,0.0006592273712158203,0.00016760826110839844,0.0003807544708251953
0.005143880844116211,0.0013020038604736328,0.00030732154846191406,0.00036597251892089844
0.004500865936279297,0.0007290840148925781,0.0001895427703857422,0.00023317337036132812
0.00148773193359375,0.0007576942443847656,0.00019073486328125,0.00020384788513183594
0.0027074813842773438,0.0009126663208007812,0.0002956390380859375,0.00032639503479003906
0.004244327545166016,0.0012273788452148438,0.00027060508728027344,0.0003304481506347656
0.007536411285400391,0.0007851123809814453,0.0002892017364501953,0.00032019615173339844
0.003575563430786133,0.0010554790496826172,7.367134094238281e-05,0.0002856254577636719
0.006894826889038086,0.0006787776947021484,0.00018978118896484375,0.00020503997802734375
0.004354953765869141,0.0009291172027587891,0.00019168853759765625,0.00020503997802734375
0.005092144012451172,0.0013637542724609375,0.0002760887145996094,0.00030732154846191406
0.0033931732177734375,0.0007870197296142578,0.0002377033233642578,0.0002899169921875
0.0026307106018066406,0.0006532669067382812,0.00020933151245117188,0.00035381317138671875
0.004570484161376953,0.0010349750518798828,0.0002789497375488281,0.0003533363342285156
0.008512496948242188,0.0008170604705810547,0.00018739700317382812,0.00020432472229003906
0.005866527557373047,0.0006015300750732422,0.0002129077911376953,0.00019931793212890625
0.003171682357788086,0.0006508827209472656,0.00021767616271972656,0.000308990478515625
0.008923768997192383,0.000926971435546875,0.00018334388732910156,0.00019478797912597656
0.003350496292114258,0.0007674694061279297,0.0003006458282470703,0.0003008842468261719
0.005297183990478516,0.0008332729339599609,0.0002658367156982422,0.0003094673156738281
0.008270025253295898,0.0007081031799316406,0.0001742839813232422,0.0001900196075439453
0.003708362579345703,0.0007939338684082031,0.00020122528076171875,0.00022935867309570312
0.005295991897583008,0.0008590221405029297,0.00019288063049316406,0.00021719932556152344
0.06006455421447754,0.0007979869842529297,0.00016760826110839844,0.00018978118896484375
0.06037569046020508,0.0009579658508300781,0.00021839141845703125,0.0002090930938720703
0.14155125617980957,0.0018041133880615234,0.00018310546875,0.00019884109497070312
0.27105069160461426,0,0,0
0.2858622074127197,0,0,0
0.2937660217285156,0,0,0
0.25990748405456543,0,0,0
0.13443565368652344,0.0008778572082519531,0.0001876354217529297,0.0001900196075439453
0.007302761077880859,0.0007369518280029297,0.000171661376953125,0.00019741058349609375
0.005182027816772461,0.0008261203765869141,0.00027179718017578125,0.00021648406982421875
0.050899505615234375,0.0007889270782470703,0.00023818016052246094,0.0005216598510742188
0.0487825870513916,0.0007331371307373047,0.00017070770263671875,0.0001926422119140625
0.006365537643432617,0.0008025169372558594,0.0002002716064453125,0.00020956993103027344
0.005630970001220703,0.0008232593536376953,0.00017571449279785156,0.0003502368927001953
0.0069391727447509766,0.0008089542388916016,0.00019979476928710938,0.0002803802490234375
0.05733895301818848,0.0008389949798583984,0.0001735687255859375,0.0001888275146484375
0.004090309143066406,0.0007293224334716797,0.00017309188842773438,0.0001876354217529297
0.004226207733154297,0.0008089542388916016,0.00019598007202148438,0.0002181529998779297
0.002932310104370117,0.0009407997131347656,0.00022864341735839844,0.00021648406982421875
0.002964496612548828,0.0006802082061767578,0.0008864402770996094,0.00029087066650390625
0.003651857376098633,0.0011184215545654297,0.00023627281188964844,0.00025081634521484375
0.0045490264892578125,0.0012159347534179688,0.0002639293670654297,0.0003020763397216797
0.002765655517578125,0.0008013248443603516,0.00021195411682128906,0.00021195411682128906
0.003629922866821289,0.0007789134979248047,0.0005040168762207031,0.00029087066650390625
0.006357908248901367,0.0006868839263916016,0.00018072128295898438,0.00023937225341796875
0.002938508987426758,0.0005681514739990234,0.0002002716064453125,0.00020694732666015625
0.0032248497009277344,0.0008881092071533203,0.00044345855712890625,0.0002295970916748047
0.004896402359008789,0.0008904933929443359,0.000194549560546875,0.00022101402282714844
0.003550291061401367,0.0007302761077880859,0.00020813941955566406,0.00022125244140625
0.006635427474975586,0.0007083415985107422,0.0001976490020751953,0.0002002716064453125
0.0040814876556396484,0.0005772113800048828,0.00017690658569335938,0.00022482872009277344
0.00606846809387207,0.0008184909820556641,0.00017952919006347656,0.00021576881408691406
0.008675336837768555,0.0010557174682617188,0.0002181529998779297,0.0002524852752685547
0.004731655120849609,0.0008006095886230469,0.00026702880859375,0.000347137451171875
0.006499052047729492,0.0007064342498779297,0.000186920166015625,0.00020599365234375
0.00437474250793457,0.0006315708160400391,0.0001881122589111328,0.00021958351135253906
0.003931999206542969,0.0006220340728759766,0.00019431114196777344,0.00020074844360351562
0.004595041275024414,0.0006113052368164062,0.0001811981201171875,0.00021648406982421875
0.008701562881469727,0.00084686279296875,0.000209808349609375,0.0001957416534423828
0.005817890167236328,0.0010058879852294922,0.00024771690368652344,0.0003256797790527344
0.004231452941894531,0.00074005126953125,0.00019621849060058594,0.00021767616271972656
0.005583763122558594,0.0008208751678466797,0.0001850128173828125,0.0002033710479736328
0.005820035934448242,0.001085042953491211,0.0002071857452392578,0.00022602081298828125
0.00683140754699707,0.0010118484497070312,0.00020623207092285156,0.00022912025451660156
0.0039424896240234375,0.0009913444519042969,0.0001876354217529297,0.00021219253540039062
0.0035390853881835938,0.0006198883056640625,0.0002117156982421875,0.00019788742065429688
0.003409862518310547,0.0008840560913085938,0.0002486705780029297,0.0003159046173095703
0.002418994903564453,0.0006678104400634766,0.00019741058349609375,0.00019693374633789062
0.004794120788574219,0.0008955001831054688,0.0005993843078613281,0.00037789344787597656
0.004586219787597656,0.0013039112091064453,0.0001850128173828125,0.0002467632293701172
0.005582094192504883,0.0007474422454833984,0.0001800060272216797,0.00022840499877929688
0.005928754806518555,0.0009703636169433594,0.00021123886108398438,0.0002319812774658203
0.004197120666503906,0.001173257827758789,0.00034618377685546875,0.00029087066650390625
0.004163026809692383,0.0012843608856201172,0.00022983551025390625,0.00025177001953125
0.004143953323364258,0.0007426738739013672,0.00017642974853515625,0.0003993511199951172
0.007391214370727539,0.000949859619140625,0.00019216537475585938,0.0001914501190185547
0.003838777542114258,0.0007829666137695312,0.0001938343048095703,0.00022912025451660156
0.005557060241699219,0.0010564327239990234,0.00020766258239746094,0.00022673606872558594
0.005255460739135742,0.0010688304901123047,0.0002956390380859375,0.00038504600524902344
0.005141019821166992,0.0014340877532958984,0.0002696514129638672,0.00026106834411621094
0.004342317581176758,0.0009369850158691406,0.0003650188446044922,0.0003497600555419922
0.00518798828125,0.0010020732879638672,0.00020503997802734375,0.0002472400665283203
0.002672433853149414,0.0009398460388183594,0.000209808349609375,0.000217437744140625
0.004870176315307617,0.0012555122375488281,0.0002455711364746094,0.00028395652770996094
0.0046672821044921875,0.000934600830078125,0.0002410411834716797,0.00021195411682128906
0.0050084590911865234,0.0010044574737548828,0.0002319812774658203,0.00021123886108398438
0.0039937496185302734,0.0012514591217041016,0.0002002716064453125,0.00021600723266601562
0.004742622375488281,0.0018804073333740234,0.00028014183044433594,0.00029921531677246094
0.0040624141693115234,0.001310586929321289,0.0001895427703857422,0.00021386146545410156
0.0038940906524658203,0.0009608268737792969,0.00020170211791992188,0.00021505355834960938
0.0042572021484375,0.0012099742889404297,0.00022649765014648438,0.00023317337036132812
0.0048980712890625,0.001241922378540039,0.00026726722717285156,0.00033593177795410156
0.0029456615447998047,0.0011534690856933594,0.0002593994140625,0.0002951622009277344
0.003444671630859375,0.0038595199584960938,0.00019884109497070312,0.00020837783813476562
0.002621889114379883,0.0007946491241455078,0.00048089027404785156,0.0003261566162109375
0.0023293495178222656,0.0007889270782470703,0.0001881122589111328,0.00020551681518554688
0.0029821395874023438,0.0007262229919433594,0.00019478797912597656,0.00022220611572265625
0.0029654502868652344,0.002752065658569336,0.00020241737365722656,0.00021338462829589844
0.002923727035522461,0.0006530284881591797,0.00021910667419433594,0.0002532005310058594
0.012698888778686523,0.0007734298706054688,0.0002682209014892578,0.0003147125244140625
0.0019414424896240234,0.0006678104400634766,0.00018262863159179688,0.00026798248291015625
0.0018472671508789062,0.0006475448608398438,0.00019788742065429688,0.00019669532775878906
0.0020978450775146484,0.0009438991546630859,0.00019812583923339844,0.00023317337036132812
0.0023202896118164062,0.0007266998291015625,0.00019407272338867188,0.00022602081298828125
0.0015680789947509766,0.000598907470703125,0.00037932395935058594,0.0003287792205810547
0.0016481876373291016,0.0005757808685302734,0.00018906593322753906,0.0002722740173339844
0.0016036033630371094,0.0005223751068115234,0.00019884109497070312,0.0002200603485107422
0.0014286041259765625,0.0006992816925048828,0.00019240379333496094,0.0002186298370361328
0.0014739036560058594,0.0006291866302490234,0.0003268718719482422,0.00034999847412109375
0.0019631385803222656,0.0005848407745361328,0.0001800060272216797,0.00020623207092285156
0.0016176700592041016,0.0006661415100097656,0.00020384788513183594,0.0003631114959716797
0.0013277530670166016,0.0006527900695800781,0.00020265579223632812,0.00020170211791992188
0.0014891624450683594,0.0005626678466796875,0.00017595291137695312,0.00019502639770507812
0.0013494491577148438,0.0005524158477783203,0.00017189979553222656,0.0012145042419433594
0.0014591217041015625,0.0005719661712646484,0.00018095970153808594,0.00020122528076171875
0.0015518665313720703,0.0006718635559082031,0.00020813941955566406,0.00025391578674316406
0.0017986297607421875,0.0007462501525878906,0.00018978118896484375,0.0002052783966064453
0.0015268325805664062,0.0007834434509277344,0.00018334388732910156,0.00020575523376464844
0.0015544891357421875,0.0006756782531738281,0.0002105236053466797,0.0002269744873046875
0.001600027084350586,0.0006527900695800781,0.00020575523376464844,0.00040912628173828125
0.0013082027435302734,0.0006301403045654297,0.00019311904907226562,0.00021696090698242188
0.001483917236328125,0.0005981922149658203,0.00021696090698242188,0.00023746490478515625
0.0013566017150878906,0.0005750656127929688,0.0001800060272216797,0.0002033710479736328
0.0026073455810546875,0.0006926059722900391,0.00018930435180664062,0.00020742416381835938
0.0014920234680175781,0.001605987548828125,0.0003561973571777344,0.00034046173095703125
0.0014290809631347656,0.0005888938903808594,0.00017976760864257812,0.00020766258239746094
0.0018880367279052734,0.0006668567657470703,0.0002117156982421875,0.00024437904357910156
0.0013005733489990234,0.0005624294281005859,0.0001976490020751953,0.0003554821014404297
0.0024623870849609375,0.0006868839263916016,0.00019979476928710938,0.0002243518829345703
0.002134561538696289,0.0006036758422851562,0.00018215179443359375,0.00020241737365722656
0.0013785362243652344,0.00058746337890625,0.00019359588623046875,0.00022101402282714844
0.0013680458068847656,0.0005981922149658203,0.00020742416381835938,0.00023317337036132812
0.0037512779235839844,0.0011124610900878906,0.0002067089080810547,0.00044345855712890625
0.0025453567504882812,0.0009212493896484375,0.0002110004425048828,0.00021791458129882812
0.0013079643249511719,0.0005471706390380859,0.001218557357788086,0.0002455711364746094
0.0015637874603271484,0.0008356571197509766,0.0002446174621582031,0.00025963783264160156
0.0013194084167480469,0.0005655288696289062,0.00020194053649902344,0.0005917549133300781
0.0013432502746582031,0.0006651878356933594,0.00019693374633789062,0.00022864341735839844
0.0022127628326416016,0.0006151199340820312,0.0002129077911376953,0.00030684471130371094
0.0015439987182617188,0.0006976127624511719,0.00019288063049316406,0.00021195411682128906
0.0018017292022705078,0.0006642341613769531,0.00018215179443359375,0.00020456314086914062
0.0017292499542236328,0.0008027553558349609,0.00018215179443359375,0.00023317337036132812
0.0015573501586914062,0.0006756782531738281,0.00020956993103027344,0.0002639293670654297
0.0015773773193359375,0.000598907470703125,0.00020623207092285156,0.00025010108947753906
0.0012347698211669922,0.0005638599395751953,0.000179290771484375,0.00020503997802734375
0.0014567375183105469,0.0006413459777832031,0.00018286705017089844,0.0002033710479736328
0.0013325214385986328,0.0006158351898193359,0.0001938343048095703,0.00019598007202148438
0.0013346672058105469,0.0005488395690917969,0.00018286705017089844,0.00020551681518554688
0.0018665790557861328,0.0007119178771972656,0.00025773048400878906,0.000225067138671875
0.0018374919891357422,0.0006411075592041016,0.00024700164794921875,0.00025343894958496094
0.0013518333435058594,0.0005340576171875,0.00020599365234375,0.0002346038818359375
0.0015950202941894531,0.000701904296875,0.00029087066650390625,0.0005300045013427734
0.0016431808471679688,0.0006194114685058594,0.0001800060272216797,0.00034618377685546875
0.0018610954284667969,0.0006344318389892578,0.000186920166015625,0.00020623207092285156
0.0018634796142578125,0.0006320476531982422,0.00021839141845703125,0.00028228759765625
0.0013995170593261719,0.0005757808685302734,0.0002048015594482422,0.0002384185791015625
0.002031564712524414,0.0006854534149169922,0.00023055076599121094,0.000316619873046875
0.001642465591430664,0.000926971435546875,0.00027632713317871094,0.00026702880859375
0.0015151500701904297,0.0007302761077880859,0.0002033710479736328,0.00020933151245117188
0.002340078353881836,0.0006406307220458984,0.00024390220642089844,0.00028324127197265625
0.002859354019165039,0.0007147789001464844,0.0001862049102783203,0.00020956993103027344
0.0031719207763671875,0.0006628036499023438,0.00040078163146972656,0.0002346038818359375
0.0016570091247558594,0.0008847713470458984,0.0002617835998535156,0.00027179718017578125
0.0019152164459228516,0.0009329319000244141,0.0004203319549560547,0.00041031837463378906
0.0012710094451904297,0.0005574226379394531,0.0003323554992675781,0.00021696090698242188
0.002197742462158203,0.0006823539733886719,0.00021266937255859375,0.00023627281188964844
0.002897977828979492,0.0010433197021484375,0.0002741813659667969,0.00031638145446777344
0.0021839141845703125,0.0007109642028808594,0.00020933151245117188,0.00023937225341796875
0.0021114349365234375,0.0012054443359375,0.000202178955078125,0.0002124309539794922
0.0017957687377929688,0.0005698204040527344,0.00019121170043945312,0.0002148151397705078
0.001650094985961914,0.0005564689636230469,0.0001785755157470703,0.0002117156982421875
0.003645181655883789,0.0013232231140136719,0.0005421638488769531,0.00033402442932128906
0.0033180713653564453,0.0007269382476806641,0.0001838207244873047,0.0002110004425048828
0.0034394264221191406,0.0007066726684570312,0.0001842975616455078,0.00023126602172851562
0.0027627944946289062,0.0006794929504394531,0.00018143653869628906,0.000213623046875
0.0027370452880859375,0.0006353855133056641,0.00018262863159179688,0.00020694732666015625
0.0021686553955078125,0.0008451938629150391,0.0003178119659423828,0.0002593994140625
0.0018846988677978516,0.0008726119995117188,0.0003256797790527344,0.00026416778564453125
0.0019390583038330078,0.0008196830749511719,0.00026988983154296875,0.00035071372985839844
0.0015964508056640625,0.0005371570587158203,0.00025391578674316406,0.0003197193145751953
0.0018520355224609375,0.000804901123046875,0.00019669532775878906,0.0002319812774658203
0.0022170543670654297,0.0008985996246337891,0.00021958351135253906,0.0002243518829345703
0.002447843551635742,0.0006639957427978516,0.00017213821411132812,0.0002014636993408203
0.001726388931274414,0.0006413459777832031,0.00018858909606933594,0.0002110004425048828
0.001981019973754883,0.0005321502685546875,0.00017070770263671875,0.00018978118896484375
0.001505136489868164,0.0013928413391113281,0.00019288063049316406,0.0002110004425048828
0.002655029296875,0.0010154247283935547,0.0002987384796142578,0.0003790855407714844
0.001617431640625,0.0006110668182373047,0.00019359588623046875,0.00021839141845703125
0.0021924972534179688,0.0007665157318115234,0.0002541542053222656,0.00027108192443847656
0.0016345977783203125,0.00214385986328125,0.00033783912658691406,0.0003688335418701172
0.0014142990112304688,0.0007195472717285156,0.00018596649169921875,0.0002334117889404297
0.0017993450164794922,0.0005433559417724609,0.0002086162567138672,0.00020551681518554688
0.0016331672668457031,0.0005404949188232422,0.0001838207244873047,0.00020742416381835938
0.004076957702636719,0.0007872581481933594,0.00019431114196777344,0.0002484321594238281
0.002481222152709961,0.0007023811340332031,0.00017404556274414062,0.0001976490020751953
0.0028204917907714844,0.0009052753448486328,0.00029158592224121094,0.0003342628479003906
0.0020055770874023438,0.0007901191711425781,0.0002677440643310547,0.0003333091735839844
0.0013380050659179688,0.0012385845184326172,0.0002880096435546875,0.00030922889709472656
0.0013287067413330078,0.0008859634399414062,0.00033164024353027344,0.0003936290740966797
0.0024650096893310547,0.0007123947143554688,0.0002942085266113281,0.00038743019104003906
0.0017118453979492188,0.0007712841033935547,0.00019669532775878906,0.00020813941955566406
0.0024619102478027344,0.0010480880737304688,0.00037550926208496094,0.00026154518127441406
0.0017321109771728516,0.0007364749908447266,0.00027561187744140625,0.00030612945556640625
0.0029840469360351562,0.0007414817810058594,0.0003311634063720703,0.00023436546325683594
0.007066011428833008,0.0006983280181884766,0.0001964569091796875,0.0003209114074707031
0.0019030570983886719,0.0007333755493164062,0.0002949237823486328,0.0003287792205810547
0.0020215511322021484,0.0009014606475830078,0.00027251243591308594,0.00035834312438964844
0.0034856796264648438,0.0010516643524169922,0.00025653839111328125,0.0002636909484863281
0.0026807785034179688,0.001055002212524414,0.0002884864807128906,0.0004661083221435547
0.0018553733825683594,0.0008528232574462891,0.0002334117889404297,0.0002129077911376953
0.0015978813171386719,0.0007002353668212891,0.00018715858459472656,0.000209808349609375
0.0020356178283691406,0.0010914802551269531,0.00020170211791992188,0.00022101402282714844
0.0013432502746582031,0.0008449554443359375,0.0002663135528564453,0.00032973289489746094
0.002072572708129883,0.0006320476531982422,0.00020694732666015625,0.00029921531677246094
0.0018706321716308594,0.0006437301635742188,0.0001919269561767578,0.00026226043701171875
0.0015461444854736328,0.0005970001220703125,0.0002498626708984375,0.00021338462829589844
0.0035545825958251953,0.0007452964782714844,0.0002779960632324219,0.0003998279571533203
0.002353191375732422,0.0010819435119628906,0.000324249267578125,0.00034356117248535156
0.002787351608276367,0.0011010169982910156,0.0002663135528564453,0.000324249267578125
0.0024759769439697266,0.0007436275482177734,0.0002810955047607422,0.00028705596923828125
0.003892183303833008,0.0007679462432861328,0.00017952919006347656,0.0002467632293701172
0.0018610954284667969,0.0008046627044677734,0.0002751350402832031,0.00046324729919433594
0.002613067626953125,0.001322031021118164,0.0004353523254394531,0.00023293495178222656
0.0014045238494873047,0.0012836456298828125,0.0002644062042236328,0.0004811286926269531
0.001379251480102539,0.0007159709930419922,0.0006706714630126953,0.00046563148498535156
0.0015873908996582031,0.0007729530334472656,0.00042819976806640625,0.00040984153747558594
0.0017452239990234375,0.0007669925689697266,0.00024580955505371094,0.0004742145538330078
0.0016002655029296875,0.0007939338684082031,0.0002562999725341797,0.00020623207092285156
0.0017428398132324219,0.0007431507110595703,0.0003058910369873047,0.0002894401550292969
0.002040386199951172,0.0009477138519287109,0.0002734661102294922,0.0005068778991699219
0.0018160343170166016,0.0007598400115966797,0.0002148151397705078,0.00021076202392578125
0.0025866031646728516,0.000759124755859375,0.00023245811462402344,0.0003352165222167969
0.0022962093353271484,0.0009844303131103516,0.0002758502960205078,0.00032258033752441406
0.0019273757934570312,0.0007877349853515625,0.0002655982971191406,0.00030875205993652344
0.002725362777709961,0.0008234977722167969,0.00022411346435546875,0.0002295970916748047
0.0014214515686035156,0.000537872314453125,0.00018644332885742188,0.00020933151245117188
0.0016856193542480469,0.0007085800170898438,0.0003612041473388672,0.00024509429931640625
0.0031325817108154297,0.0005667209625244141,0.00018143653869628906,0.0002281665802001953
0.0012636184692382812,0.0005421638488769531,0.00019669532775878906,0.00022077560424804688
0.0020170211791992188,0.0008416175842285156,0.00025343894958496094,0.00024437904357910156
0.0017228126525878906,0.0007984638214111328,0.00019121170043945312,0.0002143383026123047
0.0016903877258300781,0.0008873939514160156,0.00019168853759765625,0.0002129077911376953
0.0016067028045654297,0.0005102157592773438,0.0001811981201171875,0.00022029876708984375
0.001959562301635742,0.0006213188171386719,0.00018167495727539062,0.00020241737365722656
0.001794576644897461,0.0005860328674316406,0.00019073486328125,0.0002181529998779297
0.0015869140625,0.0005450248718261719,0.00018668174743652344,0.00020599365234375
0.0019905567169189453,0.000553131103515625,0.0002124309539794922,0.00020647048950195312
0.0019328594207763672,0.0008025169372558594,0.0002079010009765625,0.00020074844360351562
0.001477956771850586,0.0008347034454345703,0.00024008750915527344,0.0002529621124267578
0.002888202667236328,0.0006327629089355469,0.0002925395965576172,0.00021004676818847656
0.0017154216766357422,0.0006482601165771484,0.00022268295288085938,0.00021648406982421875
0.002559661865234375,0.0005919933319091797,0.00020122528076171875,0.00021839141845703125
0.004774808883666992,0.0005447864532470703,0.00018024444580078125,0.0003266334533691406
0.006954193115234375,0.0006704330444335938,0.00018906593322753906,0.00038743019104003906
0.0022704601287841797,0.0005588531494140625,0.00019788742065429688,0.0002980232238769531
0.0022683143615722656,0.0007379055023193359,0.0002143383026123047,0.00029158592224121094
0.0020253658294677734,0.0009348392486572266,0.0002491474151611328,0.0002205371856689453
0.002021312713623047,0.0005788803100585938,0.0002090930938720703,0.00023627281188964844
0.0016429424285888672,0.00080108642578125,0.00022292137145996094,0.0002605915069580078
0.0015599727630615234,0.0005295276641845703,0.000209808349609375,0.00020933151245117188
0.00167083740234375,0.0010917186737060547,0.00021338462829589844,0.00021648406982421875
0.002681255340576172,0.0009772777557373047,0.0003218650817871094,0.00038814544677734375
0.0015521049499511719,0.0006918907165527344,0.00021219253540039062,0.00021600723266601562
0.003750324249267578,0.0011532306671142578,0.0002167224884033203,0.00022363662719726562
0.003913402557373047,0.0007965564727783203,0.00021600723266601562,0.0002346038818359375
0.003679513931274414,0.0007126331329345703,0.00017213821411132812,0.00018930435180664062
0.0017910003662109375,0.00098419189453125,0.0002841949462890625,0.00023484230041503906
0.0030775070190429688,0.0009131431579589844,0.00022125244140625,0.00031566619873046875
0.002332448959350586,0.000972747802734375,0.0004000663757324219,0.00030994415283203125
0.0025725364685058594,0.0009839534759521484,0.00018668174743652344,0.00020384788513183594
0.0019669532775878906,0.00075531005859375,0.00019621849060058594,0.00021648406982421875
0.0019562244415283203,0.0007102489471435547,0.00023245811462402344,0.0003325939178466797
0.0024521350860595703,0.0007205009460449219,0.00040721893310546875,0.00023317337036132812
0.004195690155029297,0.0007910728454589844,0.00021028518676757812,0.00020599365234375
0.003185749053955078,0.0012822151184082031,0.0002791881561279297,0.0003082752227783203
0.003675222396850586,0.0010042190551757812,0.0002942085266113281,0.0002739429473876953
0.0025794506072998047,0.0008060932159423828,0.00025773048400878906,0.00031638145446777344
0.003328561782836914,0.0009908676147460938,0.00028204917907714844,0.0003662109375
0.003038167953491211,0.0010590553283691406,0.000286102294921875,0.00029778480529785156
0.003110170364379883,0.0009596347808837891,0.00047278404235839844,0.0002033710479736328
0.0032720565795898438,0.0010831356048583984,0.0003066062927246094,0.0003573894500732422
0.0025453567504882812,0.0006573200225830078,0.00020241737365722656,0.0002288818359375
0.003330707550048828,0.0006158351898193359,0.0001800060272216797,0.00021219253540039062
0.0019981861114501953,0.000881195068359375,0.00028586387634277344,0.0005364418029785156
0.0012142658233642578,0.000576019287109375,0.00020003318786621094,0.00019884109497070312
0.0019397735595703125,0.0006330013275146484,0.00019097328186035156,0.00020813941955566406
0.002477884292602539,0.0007202625274658203,0.00019860267639160156,0.00021386146545410156
0.0018382072448730469,0.0005614757537841797,0.0001804828643798828,0.00021529197692871094
0.002835512161254883,0.0009195804595947266,0.0002713203430175781,0.0003142356872558594
0.0019366741180419922,0.0005702972412109375,0.0003676414489746094,0.00021123886108398438
0.0023381710052490234,0.0010058879852294922,0.000286102294921875,0.0003292560577392578
0.0023517608642578125,0.0008006095886230469,0.0002872943878173828,0.0002727508544921875
0.0022830963134765625,0.0008399486541748047,0.0002856254577636719,0.0006308555603027344
0.0036361217498779297,0.000965118408203125,0.0002956390380859375,0.0003750324249267578
0.002238035202026367,0.0009753704071044922,0.0003275871276855469,0.0003540515899658203
0.0018074512481689453,0.0006041526794433594,0.00019431114196777344,0.00030684471130371094
0.002780914306640625,0.0008275508880615234,0.00021767616271972656,0.0004763603210449219
0.001965045928955078,0.000997781753540039,0.0002231597900390625,0.00023984909057617188
0.002361774444580078,0.0011379718780517578,0.00030303001403808594,0.0003154277801513672
0.0018208026885986328,0.0006456375122070312,0.00028133392333984375,0.00023889541625976562
0.001760721206665039,0.001100778579711914,0.00022077560424804688,0.0002474784851074219
0.002653360366821289,0.00104522705078125,0.0003085136413574219,0.0003561973571777344
0.0018451213836669922,0.0006670951843261719,0.0002067089080810547,0.00024271011352539062
0.0023076534271240234,0.0009834766387939453,0.00021147727966308594,0.0002262592315673828
0.002377748489379883,0.0010166168212890625,0.0003139972686767578,0.0003476142883300781
0.0018241405487060547,0.0007710456848144531,0.00027632713317871094,0.0003390312194824219
0.0018334388732910156,0.0007250308990478516,0.00024962425231933594,0.00038504600524902344
0.0030210018157958984,0.0012199878692626953,0.00031447410583496094,0.0003859996795654297
0.0020630359649658203,0.0009582042694091797,0.00041961669921875,0.00036263465881347656
0.0029625892639160156,0.0008718967437744141,0.00021910667419433594,0.00024318695068359375
0.003137350082397461,0.0011761188507080078,0.0003142356872558594,0.00035643577575683594
0.0041277408599853516,0.00089263916015625,0.00019884109497070312,0.00021123886108398438
0.005259513854980469,0.0009329319000244141,0.00020241737365722656,0.0002205371856689453
0.003977775573730469,0.0008957386016845703,0.00019550323486328125,0.00021338462829589844
0.0012612342834472656,0.0008828639984130859,0.00026154518127441406,0.0002224445343017578
0.0012814998626708984,0.0008547306060791016,0.0002186298370361328,0.0002086162567138672
0.002323627471923828,0.0007107257843017578,0.00021839141845703125,0.00024175643920898438
0.002110004425048828,0.0008518695831298828,0.00021457672119140625,0.00020384788513183594
0.0026178359985351562,0.0010094642639160156,0.00026726722717285156,0.00024771690368652344
0.003037691116333008,0.0011355876922607422,0.0003387928009033203,0.0003638267517089844
0.0024628639221191406,0.0009021759033203125,0.00022220611572265625,0.0002281665802001953
0.002577543258666992,0.0008130073547363281,0.0002715587615966797,0.0002815723419189453
0.0018181800842285156,0.000812530517578125,0.0002181529998779297,0.0002200603485107422
0.002422809600830078,0.0010581016540527344,0.0002446174621582031,0.0002543926239013672
0.0014462471008300781,0.0018887519836425781,0.0004787445068359375,0.0003235340118408203
0.002256155014038086,0.0006473064422607422,0.00021386146545410156,0.0003333091735839844
0.001554250717163086,0.0007677078247070312,0.00040411949157714844,0.0002949237823486328
0.0013036727905273438,0.0006923675537109375,0.00019741058349609375,0.00018930435180664062
0.002288818359375,0.0009615421295166016,0.0002651214599609375,0.0002696514129638672
0.0026438236236572266,0.0008647441864013672,0.00023317337036132812,0.0003399848937988281
0.002439737319946289,0.0007123947143554688,0.0001952648162841797,0.00023889541625976562
0.0046520233154296875,0.0012917518615722656,0.0002872943878173828,0.00033402442932128906
0.004208803176879883,0.0008349418640136719,0.00018072128295898438,0.0001995563507080078
0.005471467971801758,0.0013988018035888672,0.00029921531677246094,0.00026035308837890625
0.003857135772705078,0.0008742809295654297,0.00019741058349609375,0.0002307891845703125
0.0017383098602294922,0.0009067058563232422,0.00021791458129882812,0.0003368854522705078
0.0019369125366210938,0.0007491111755371094,0.0002155303955078125,0.0002162456512451172
0.002738475799560547,0.0010242462158203125,0.0003218650817871094,0.00035500526428222656
0.0029349327087402344,0.0010766983032226562,0.0003418922424316406,0.0003647804260253906
0.002290010452270508,0.0008234977722167969,0.00022220611572265625,0.000274658203125
0.0042760372161865234,0.0010221004486083984,0.00023412704467773438,0.00022983551025390625
0.0033330917358398438,0.0011029243469238281,0.00030541419982910156,0.000286102294921875
0.0034072399139404297,0.0008370876312255859,0.0002589225769042969,0.0002579689025878906
0.0033833980560302734,0.000732421875,0.00022792816162109375,0.00023221969604492188
0.001714468002319336,0.0009961128234863281,0.00039458274841308594,0.0005681514739990234
0.004181623458862305,0.0009458065032958984,0.00024580955505371094,0.0002231597900390625
0.00266265869140625,0.0008502006530761719,0.00033855438232421875,0.00044989585876464844
0.0025527477264404297,0.0010271072387695312,0.00037169456481933594,0.000362396240234375
0.0016825199127197266,0.0007636547088623047,0.00035381317138671875,0.00039649009704589844
0.00238037109375,0.0007748603820800781,0.0002505779266357422,0.0002288818359375
0.0023453235626220703,0.0009691715240478516,0.00035500526428222656,0.0003612041473388672
0.0020360946655273438,0.0009968280792236328,0.00024509429931640625,0.000209808349609375
0.003181934356689453,0.0008065700531005859,0.00025010108947753906,0.0002124309539794922
0.003590822219848633,0.0010840892791748047,0.0004410743713378906,0.0002875328063964844
0.0022704601287841797,0.0017952919006347656,0.0003669261932373047,0.00042510032653808594
0.0018696784973144531,0.0006926059722900391,0.00023174285888671875,0.000209808349609375
0.0020608901977539062,0.0011050701141357422,0.00036835670471191406,0.0002734661102294922
0.003667593002319336,0.0011477470397949219,0.0002925395965576172,0.0002586841583251953
0.05580258369445801,0.0009219646453857422,0.00025081634521484375,0.00021314620971679688
0.055013418197631836,0.0007596015930175781,0.0002243518829345703,0.00020647048950195312
0.05676770210266113,0.0007407665252685547,0.0002512931823730469,0.00019407272338867188
0.04717302322387695,0.0007748603820800781,0.0002391338348388672,0.00018715858459472656
0.006568431854248047,0.0008282661437988281,0.00023651123046875,0.0002110004425048828
0.052649497985839844,0.0008404254913330078,0.0002434253692626953,0.00022029876708984375
0.04947304725646973,0.0008320808410644531,0.00025653839111328125,0.00020313262939453125
0.054521799087524414,0.0007579326629638672,0.00022029876708984375,0.00018978118896484375
0.05288386344909668,0.0009059906005859375,0.00041222572326660156,0.0003209114074707031
0.05078554153442383,0.0007357597351074219,0.00023865699768066406,0.0002503395080566406
0.043439626693725586,0.0007801055908203125,0.0002396106719970703,0.0002048015594482422
0.04556727409362793,0.0007903575897216797,0.00024247169494628906,0.00019216537475585938
0.044048309326171875,0.0008444786071777344,0.00028634071350097656,0.00021958351135253906
0.04549980163574219,0.0007846355438232422,0.0002543926239013672,0.00019693374633789062
0.05142569541931152,0.0012323856353759766,0.0003972053527832031,0.00031948089599609375
0.043808937072753906,0.0007715225219726562,0.000232696533203125,0.00018858909606933594
0.04696512222290039,0.0008287429809570312,0.00021529197692871094,0.00018525123596191406
0.03969764709472656,0.0008115768432617188,0.0002231597900390625,0.0001938343048095703
0.03838205337524414,0.0011265277862548828,3.4332275390625e-05,0.00019431114196777344
0.04674673080444336,0.000949859619140625,0.00021505355834960938,0.0001957416534423828
0.04345393180847168,0.0008108615875244141,0.00024199485778808594,0.00022339820861816406
0.05002450942993164,0.0008094310760498047,0.00023031234741210938,0.00021004676818847656
0.0494842529296875,0.0007226467132568359,0.0002186298370361328,0.0001862049102783203
0.05012202262878418,0.0007693767547607422,0.00021600723266601562,0.0002014636993408203
0.041509151458740234,0.000885009765625,0.00022292137145996094,0.00019884109497070312
0.046701669692993164,0.0008676052093505859,0.00023055076599121094,0.0002052783966064453
0.049469947814941406,0.0009064674377441406,0.00022101402282714844,0.0003108978271484375
0.042062997817993164,0.0009005069732666016,0.00021028518676757812,0.0003299713134765625
0.0422055721282959,0.0008594989776611328,0.00022840499877929688,0.0001888275146484375
0.03857159614562988,0.0008106231689453125,0.00025343894958496094,0.0002028942108154297
0.04602217674255371,0.0008013248443603516,0.0002601146697998047,0.0002148151397705078
0.047904014587402344,0.0009114742279052734,0.000225067138671875,0.00022673606872558594
0.04389357566833496,0.0007374286651611328,0.00020575523376464844,0.0001900196075439453
0.04201102256774902,0.0007605552673339844,0.0002357959747314453,0.00020885467529296875
0.044898271560668945,0.0008440017700195312,0.0002505779266357422,0.00020694732666015625
0.044820547103881836,0.0007646083831787109,0.00022912025451660156,0.00021696090698242188
0.04681062698364258,0.0009734630584716797,0.00026226043701171875,0.00021958351135253906
0.04670214653015137,0.0008587837219238281,0.00024962425231933594,0.00019788742065429688
0.04401350021362305,0.0008213520050048828,0.00041484832763671875,0.0002155303955078125
0.047032833099365234,0.0008597373962402344,0.00021958351135253906,0.0001990795135498047
0.04821181297302246,0.0008759498596191406,0.0002193450927734375,0.0002009868621826172
0.053243160247802734,0.0008127689361572266,0.00023221969604492188,0.0001983642578125
0.05127429962158203,0.0007536411285400391,0.00024127960205078125,0.0001881122589111328
0.044851064682006836,0.0009784698486328125,0.0003681182861328125,0.00031280517578125
0.050853729248046875,0.0007369518280029297,0.00028514862060546875,0.00019431114196777344
0.05063343048095703,0.0008237361907958984,0.00025916099548339844,0.00019168853759765625
0.048368215560913086,0.0008509159088134766,0.0002524852752685547,0.00020885467529296875
0.047509193420410156,0.0008382797241210938,0.000247955322265625,0.0002071857452392578
0.04395604133605957,0.0007922649383544922,0.0002281665802001953,0.0001952648162841797
0.0483250617980957,0.0008802413940429688,0.00023698806762695312,0.00021839141845703125
0.04538416862487793,0.0010154247283935547,0.00026154518127441406,0.00020384788513183594
0.05253124237060547,0.0007822513580322266,0.0002243518829345703,0.00019049644470214844
0.05129885673522949,0.0008611679077148438,0.00038361549377441406,0.00035071372985839844
0.05023837089538574,0.0008361339569091797,0.0002524852752685547,0.0002129077911376953
0.04907703399658203,0.0007681846618652344,0.0002846717834472656,0.0003314018249511719
0.04466533660888672,0.0007998943328857422,0.00024271011352539062,0.00019407272338867188
